evaluation_track,scenario,parameter,node_id,scale,dose_point_count,dose_response_slope,slope_ci_low,slope_ci_high,spearman_rho,monotonic_direction_score,adjacent_dose_consistency,quadratic_delta_r2,nonlinearity_indicator,slope_bootstrap_unit,primary_classification_changed
secondary_dose_response,deffuant,assimilation_strength,macro_network_assortativity,macro,5,0.0529434263115737,0.038771321997693,0.067642894506398,1.0,1.0,1.0,0.0853786063930293,True,paired_seeds,False
secondary_dose_response,deffuant,assimilation_strength,macro_network_largest_component_fraction,macro,5,-0.0140493480243664,-0.0363630184160073,0.0,-0.0512989176042577,0.6,0.75,0.1662371943938155,True,paired_seeds,False
secondary_dose_response,deffuant,assimilation_strength,macro_opinion_global_mean,macro,5,0.0429651876726542,-0.0202793987865882,0.1063274071269006,0.3999999999999999,0.7,0.75,0.4821595077068046,True,paired_seeds,False
secondary_dose_response,deffuant,assimilation_strength,macro_opinion_global_variance,macro,5,-0.0030080618457836,-0.0907036844658416,0.075859593631535,-0.3,0.6,0.5,0.0096358921722748,False,paired_seeds,False
secondary_dose_response,deffuant,assimilation_strength,meso_neighborhood_abs_opinion_std,meso,5,-0.5292782263009614,-0.576224956065191,-0.4913578924770078,-1.0,1.0,1.0,0.1074535700656642,True,paired_seeds,False
secondary_dose_response,deffuant,assimilation_strength,meso_neighborhood_abs_opinion_variance,meso,5,-0.4938997839705096,-0.5597536689570637,-0.4350165946322384,-1.0,1.0,1.0,0.1153877308559253,True,paired_seeds,False
secondary_dose_response,deffuant,assimilation_strength,meso_neighborhood_agent_shift_std,meso,5,0.1911121603438198,0.156654950008138,0.2258991902205117,1.0,1.0,1.0,0.0296540623274567,False,paired_seeds,False
secondary_dose_response,deffuant,assimilation_strength,meso_neighborhood_interaction_distance_std,meso,5,-0.0668291071010957,-0.0951222925476512,-0.0409833406016391,-1.0,1.0,1.0,0.0675405566707992,True,paired_seeds,False
secondary_dose_response,deffuant,assimilation_strength,meso_neighborhood_opinion_std,meso,5,-0.1179403246047847,-0.142780763542266,-0.0922333305581679,-1.0,1.0,1.0,0.1210768891126072,True,paired_seeds,False
secondary_dose_response,deffuant,assimilation_strength,meso_neighborhood_opinion_variance,meso,5,-0.0852746850915338,-0.1224274219645869,-0.0492947088752721,-1.0,1.0,1.0,0.1007592099847708,True,paired_seeds,False
secondary_dose_response,deffuant,assimilation_strength,micro_mean_abs_agent_shift,micro,5,0.1469017753244962,0.1200452934076622,0.1784136112415484,1.0,1.0,1.0,0.0446039764701409,False,paired_seeds,False
secondary_dose_response,deffuant,backfire_threshold,macro_network_assortativity,macro,5,-0.0290438286094841,-0.0419592192604886,-0.0173256506173488,-0.8999999999999998,0.9,0.75,0.0885009964067843,True,paired_seeds,False
secondary_dose_response,deffuant,backfire_threshold,macro_network_largest_component_fraction,macro,5,0.0334705055874612,0.0,0.078097846370743,0.5642880936468347,0.7,0.5,0.456700379266751,True,paired_seeds,False
secondary_dose_response,deffuant,backfire_threshold,macro_opinion_global_mean,macro,5,-0.0028072722549875,-0.0494520276451244,0.046952910643019,-0.0999999999999999,0.5,0.5,0.5700663883554034,True,paired_seeds,False
secondary_dose_response,deffuant,backfire_threshold,macro_opinion_global_variance,macro,5,-0.9985635351110008,-1.0765352941840127,-0.9281800106059562,-1.0,1.0,1.0,0.0851694418202094,True,paired_seeds,False
secondary_dose_response,deffuant,backfire_threshold,meso_neighborhood_abs_opinion_std,meso,5,0.0871193707700364,0.0565817666108863,0.1165075728760094,1.0,1.0,1.0,0.0040520702461238,False,paired_seeds,False
secondary_dose_response,deffuant,backfire_threshold,meso_neighborhood_agent_shift_std,meso,5,0.0115567536599999,-0.0200152086799205,0.0467509487042634,-0.0999999999999999,0.5,0.5,0.3986351477498823,True,paired_seeds,False
secondary_dose_response,deffuant,backfire_threshold,meso_neighborhood_interaction_distance_std,meso,5,-0.1622267512327045,-0.1887378520903522,-0.140484336619779,-1.0,1.0,1.0,0.0935208617500213,True,paired_seeds,False
secondary_dose_response,deffuant,backfire_threshold,meso_neighborhood_interaction_distance_variance,meso,5,-0.3098807148188566,-0.3430306437639456,-0.2808870490364249,-1.0,1.0,1.0,0.0768545246589241,True,paired_seeds,False
secondary_dose_response,deffuant,backfire_threshold,meso_neighborhood_opinion_std,meso,5,-0.1465097997753613,-0.1708995802668505,-0.1267498586047193,-1.0,1.0,1.0,0.0822949620397645,True,paired_seeds,False
secondary_dose_response,deffuant,backfire_threshold,meso_neighborhood_opinion_variance,meso,5,-0.281370170043796,-0.3092228787024006,-0.2560524395818458,-1.0,1.0,1.0,0.0724711443006985,True,paired_seeds,False
secondary_dose_response,deffuant,backfire_threshold,micro_backfire_fraction,micro,5,-0.2581640660958606,-0.3011712597967468,-0.2163285570819386,-1.0,1.0,1.0,0.1821634702623811,True,paired_seeds,False
secondary_dose_response,deffuant,confidence_bound,macro_network_assortativity,macro,5,-0.2384626012079908,-0.4084679761070653,-0.1036221561694321,0.0,0.4,0.25,0.5931375240300792,True,paired_seeds,False
secondary_dose_response,deffuant,confidence_bound,macro_network_largest_component_fraction,macro,5,0.0188013333855492,-0.0016528644734548,0.0502057583811919,0.1025978352085154,0.6,0.5,0.5949209997682143,True,paired_seeds,False
secondary_dose_response,deffuant,confidence_bound,macro_opinion_global_mean,macro,5,0.0028778647107044,-0.0963955671425896,0.1075919701921372,0.1999999999999999,0.6,0.5,0.0645360749521165,True,paired_seeds,False
secondary_dose_response,deffuant,confidence_bound,macro_opinion_global_variance,macro,5,-2.113457525006153,-2.250945907610084,-1.9638551440433405,-1.0,1.0,1.0,0.1659701258660147,True,paired_seeds,False
secondary_dose_response,deffuant,confidence_bound,meso_neighborhood_abs_opinion_std,meso,5,-0.324809150830617,-0.4207122336367369,-0.2358424784180693,-0.3,0.6,0.5,0.7069149138973372,True,paired_seeds,False
secondary_dose_response,deffuant,confidence_bound,meso_neighborhood_abs_opinion_variance,meso,5,-0.5708646399372119,-0.7077020037734559,-0.4338532307531947,-0.3,0.6,0.5,0.5854415068451982,True,paired_seeds,False
secondary_dose_response,deffuant,confidence_bound,meso_neighborhood_interaction_distance_std,meso,5,-0.6089927794061895,-0.6678910640733913,-0.5480544365506853,-1.0,1.0,1.0,0.0432143078240735,False,paired_seeds,False
secondary_dose_response,deffuant,confidence_bound,meso_neighborhood_interaction_distance_variance,meso,5,-0.7796473937628091,-0.8309672406966899,-0.7301635379746247,-1.0,1.0,1.0,0.0556849069073318,True,paired_seeds,False
secondary_dose_response,deffuant,confidence_bound,meso_neighborhood_opinion_std,meso,5,-0.5650555756389791,-0.6232059534379487,-0.5072652309018061,-1.0,1.0,1.0,0.0209322059622438,False,paired_seeds,False
secondary_dose_response,deffuant,confidence_bound,meso_neighborhood_opinion_variance,meso,5,-0.756615458178871,-0.8101145129816489,-0.7084407644338794,-1.0,1.0,1.0,0.0322314335619268,False,paired_seeds,False
secondary_dose_response,deffuant,confidence_bound,micro_accepted_fraction,micro,5,0.6793069506343543,0.6293742615978031,0.7281440815747439,1.0,1.0,1.0,0.0062836119576415,False,paired_seeds,False
secondary_dose_response,schelling,destination_preference,macro_global_connected_components,macro,5,-0.3552949697440488,-0.4089662902636947,-0.2979602704028227,-1.0,1.0,1.0,0.1881018228001875,True,paired_seeds,False
secondary_dose_response,schelling,destination_preference,macro_global_spatial_neighbor_similarity,macro,5,0.4173872400443089,0.3709389893438299,0.4690490304859909,1.0,1.0,1.0,0.1673136162483244,True,paired_seeds,False
secondary_dose_response,schelling,destination_preference,macro_global_unhappy_fraction,macro,5,-0.3989358666298025,-0.4244239527070871,-0.3710975029565862,-1.0,1.0,1.0,0.1599486691066164,True,paired_seeds,False
secondary_dose_response,schelling,destination_preference,mean_destination_similarity_movers,micro,5,-0.1563738351112802,-0.181966712567944,-0.1294805180439844,-0.8999999999999998,0.9,0.75,0.1430545387781249,True,paired_seeds,False
secondary_dose_response,schelling,destination_preference,meso_district_boundary_fraction_std,meso,5,-0.0849726914456787,-0.3226689572923447,0.1569074556361443,-0.3,0.6,0.5,0.1744838569373676,True,paired_seeds,False
secondary_dose_response,schelling,destination_preference,meso_district_destination_similarity_std,meso,5,-0.2258496413668931,-0.2472431980605458,-0.2058170050544449,-1.0,1.0,1.0,0.1361468024251523,True,paired_seeds,False
secondary_dose_response,schelling,destination_preference,meso_district_group_entropy_mean,meso,5,-0.0449606374688077,-0.1753928700555508,0.1049616966175689,0.0,0.4,0.25,0.6061822479917283,True,paired_seeds,False
secondary_dose_response,schelling,destination_preference,meso_district_move_distance_std,meso,5,-0.3180975827902003,-0.3402651663359249,-0.2906835824428353,-1.0,1.0,1.0,0.1526919959744974,True,paired_seeds,False
secondary_dose_response,schelling,move_probability,macro_global_connected_components,macro,5,-0.7711257731299495,-0.8181023734951259,-0.7254718472444183,-1.0,1.0,1.0,0.1041378977242113,True,paired_seeds,False
secondary_dose_response,schelling,move_probability,macro_global_moved_fraction,macro,5,-0.3034290897000423,-0.3212281348799923,-0.2870997514639201,-1.0,1.0,1.0,0.0022163437827781,False,paired_seeds,False
secondary_dose_response,schelling,move_probability,macro_global_spatial_neighbor_similarity,macro,5,0.7614115716874614,0.7063692721398295,0.8140100047844069,1.0,1.0,1.0,0.0790619709569185,True,paired_seeds,False
secondary_dose_response,schelling,move_probability,macro_global_unhappy_fraction,macro,5,-0.7831600719720928,-0.8174399372045298,-0.7469549493041135,-1.0,1.0,1.0,0.0848168150996528,True,paired_seeds,False
secondary_dose_response,schelling,move_probability,meso_district_boundary_fraction_std,meso,5,0.0261733487522741,-0.1443286649605341,0.1909219375505392,0.6,0.7,0.5,0.0200016030716105,False,paired_seeds,False
secondary_dose_response,schelling,move_probability,meso_district_destination_similarity_std,meso,5,-0.3671002556961892,-0.3890602005501931,-0.3471808820123471,-1.0,1.0,1.0,0.0060697247410408,False,paired_seeds,False
secondary_dose_response,schelling,move_probability,meso_district_move_fraction_std,meso,5,-0.3818638492972481,-0.4042544692049059,-0.3575584598322505,-1.0,1.0,1.0,0.0079197086901838,False,paired_seeds,False
secondary_dose_response,schelling,move_probability,meso_district_neighbour_count_std,meso,5,-0.0357973846407724,-0.2423695889537334,0.1846630379569704,0.0,0.5,0.5,0.0003759719185147,False,paired_seeds,False
secondary_dose_response,schelling,move_probability,meso_district_unhappy_fraction_std,meso,5,-0.785191520541156,-0.8528086474358213,-0.7248080801276786,-1.0,1.0,1.0,0.040512011839221,False,paired_seeds,False
secondary_dose_response,schelling,move_probability,moved_fraction,micro,5,-0.3034290897000423,-0.3214549825580993,-0.2874455648624677,-1.0,1.0,1.0,0.0022163437827781,False,paired_seeds,False
secondary_dose_response,schelling,move_probability,relocation_response_fraction,micro,5,-0.0180729068619072,-0.040347434924419,0.0076064838378884,-0.3999999999999999,0.7,0.75,0.480704455057054,True,paired_seeds,False
secondary_dose_response,schelling,tolerance,macro_global_connected_components,macro,5,-0.87162573937086,-0.9815975326126036,-0.7730655622436721,-1.0,1.0,1.0,0.2035384160017632,True,paired_seeds,False
secondary_dose_response,schelling,tolerance,macro_global_moved_fraction,macro,5,0.4037445319796004,0.3715964475124765,0.4370741455584287,1.0,1.0,1.0,0.0718097918120469,True,paired_seeds,False
secondary_dose_response,schelling,tolerance,macro_global_spatial_neighbor_similarity,macro,5,2.264537629052142,2.1662736905481057,2.3640780928620124,1.0,1.0,1.0,0.0703774595668184,True,paired_seeds,False
secondary_dose_response,schelling,tolerance,macro_global_unhappy_fraction,macro,5,0.4580948189526223,0.4172585796024696,0.5015406505246081,1.0,1.0,1.0,0.0741184191254002,True,paired_seeds,False
secondary_dose_response,schelling,tolerance,meso_district_boundary_fraction_std,meso,5,-0.9165219090334678,-1.1643358403389272,-0.6769481095837176,-0.8999999999999998,0.9,0.75,0.0617226831413523,True,paired_seeds,False
secondary_dose_response,schelling,tolerance,meso_district_destination_similarity_std,meso,5,0.3305335255467561,0.3047012127836392,0.3586359597073651,1.0,1.0,1.0,0.058351292810996,True,paired_seeds,False
secondary_dose_response,schelling,tolerance,meso_district_group_entropy_mean,meso,5,-0.6195733313770089,-0.787580680422932,-0.459424781648089,-1.0,1.0,1.0,0.0573564042322743,True,paired_seeds,False
secondary_dose_response,schelling,tolerance,meso_district_move_fraction_std,meso,5,0.3709115458240591,0.3360079534599091,0.405571302214242,1.0,1.0,1.0,0.0555727584562163,True,paired_seeds,False
secondary_dose_response,schelling,tolerance,meso_district_unhappy_fraction_std,meso,5,0.543310038839728,0.4795447302147139,0.6157941378125691,1.0,1.0,1.0,0.0869191278933271,True,paired_seeds,False
secondary_dose_response,schelling,tolerance,unhappy_fraction,micro,5,0.4580948189526223,0.4169588145528612,0.4993302466730764,1.0,1.0,1.0,0.0741184191254002,True,paired_seeds,False
