evaluation_track,scenario,parameter,dose_label,dose_value,normalized_dose,node_id,scale,mean_raw_effect,mean_standardized_effect,bootstrap_ci_low,bootstrap_ci_high,bootstrap_ci_low_raw,bootstrap_ci_high_raw,paired_seed_sign_consistency,paired_seed_count,baseline_sd,is_mid_dose,primary_support_input
secondary_dose_response,deffuant,assimilation_strength,minus,0.12,-1.0,macro_network_assortativity,macro,-0.0157547833986625,-0.0862291596661704,-0.1047562010779339,-0.0681439682898512,-0.0191440539788395,-0.012306355018438,1.0,24,0.1827083026166087,False,False
secondary_dose_response,deffuant,assimilation_strength,mid_minus,0.185,-0.5,macro_network_assortativity,macro,-0.0033134578921333,-0.0181352343855232,-0.0429675088734181,0.0065267935655222,-0.0077423551280441,0.0008598841116598,0.625,24,0.1827083026166087,True,False
secondary_dose_response,deffuant,assimilation_strength,baseline,0.25,0.0,macro_network_assortativity,macro,0.0,0.0,0.0,0.0,0.0,0.0,1.0,24,0.1827083026166087,False,False
secondary_dose_response,deffuant,assimilation_strength,mid_plus,0.325,0.5,macro_network_assortativity,macro,0.0016715618976925,0.009148800978137,-0.0111894073996644,0.0299396544583894,-0.0023161809166187,0.0057749468528249,0.5,24,0.1827083026166087,True,False
secondary_dose_response,deffuant,assimilation_strength,plus,0.4,1.0,macro_network_assortativity,macro,0.0059357155966623,0.0324873884309338,0.0110201994003142,0.0533827732537219,0.0017203566913249,0.0097421198668497,0.8333333333333334,24,0.1827083026166087,False,False
secondary_dose_response,deffuant,assimilation_strength,minus,0.12,-1.0,macro_network_largest_component_fraction,macro,0.0002083333333333,0.1301630772845717,0.0,0.4588248474281124,0.0,0.0006249999999999,0.0416666666666666,24,0.0016005562996782,False,False
secondary_dose_response,deffuant,assimilation_strength,mid_minus,0.185,-0.5,macro_network_largest_component_fraction,macro,2.9761904761904657e-05,0.0185947253263673,0.0,0.0557841759791021,0.0,8.928571428571399e-05,0.0416666666666666,24,0.0016005562996782,True,False
secondary_dose_response,deffuant,assimilation_strength,baseline,0.25,0.0,macro_network_largest_component_fraction,macro,0.0,0.0,0.0,0.0,0.0,0.0,1.0,24,0.0016005562996782,False,False
secondary_dose_response,deffuant,assimilation_strength,mid_plus,0.325,0.5,macro_network_largest_component_fraction,macro,0.0002083333333333,0.1301630772845717,0.0,0.4588248474281124,0.0,0.0006249999999999,0.0416666666666666,24,0.0016005562996782,True,False
secondary_dose_response,deffuant,assimilation_strength,plus,0.4,1.0,macro_network_largest_component_fraction,macro,6.283068783068762e-05,0.0392555312445533,-0.0433876924281905,0.1611542861618507,-4.629629629629613e-05,0.0002579365079365,0.0416666666666666,24,0.0016005562996782,False,False
secondary_dose_response,deffuant,assimilation_strength,minus,0.12,-1.0,macro_opinion_global_mean,macro,0.0015579650735216,0.0522606799435476,-0.0600984853479871,0.1498848222773603,-0.0018047339749766,0.004752130370309,0.625,24,0.0298114198897637,False,False
secondary_dose_response,deffuant,assimilation_strength,mid_minus,0.185,-0.5,macro_opinion_global_mean,macro,-0.0017170945020494,-0.0575985480865699,-0.1137453421153051,-0.0027447964446473,-0.0032275149068774,-0.0003137921483655,0.7083333333333334,24,0.0298114198897637,True,False
secondary_dose_response,deffuant,assimilation_strength,baseline,0.25,0.0,macro_opinion_global_mean,macro,0.0,0.0,0.0,0.0,0.0,0.0,1.0,24,0.0298114198897637,False,False
secondary_dose_response,deffuant,assimilation_strength,mid_plus,0.325,0.5,macro_opinion_global_mean,macro,0.0015499402476956,0.0519914936432755,-0.0782086480059141,0.163229022700435,-0.002353126146418,0.004990449667963,0.625,24,0.0298114198897637,True,False
secondary_dose_response,deffuant,assimilation_strength,plus,0.4,1.0,macro_opinion_global_mean,macro,0.003126580824529,0.1048786282602605,-0.042638758379323,0.2351629486566585,-0.0010321447513339,0.0072190377631286,0.7083333333333334,24,0.0298114198897637,False,False
secondary_dose_response,deffuant,assimilation_strength,minus,0.12,-1.0,macro_opinion_global_variance,macro,0.0009167411379397,0.0156295426397383,-0.0889268650842961,0.1364276723658392,-0.0056286813849435,0.006982690403977,0.5,24,0.0586543803021437,False,False
secondary_dose_response,deffuant,assimilation_strength,mid_minus,0.185,-0.5,macro_opinion_global_variance,macro,-0.0026398725275482,-0.0450072528931272,-0.1316869252424994,0.0482135361470116,-0.0080551152012591,0.0032362735104407,0.4583333333333333,24,0.0586543803021437,True,False
secondary_dose_response,deffuant,assimilation_strength,baseline,0.25,0.0,macro_opinion_global_variance,macro,0.0,0.0,0.0,0.0,0.0,0.0,1.0,24,0.0586543803021437,False,False
secondary_dose_response,deffuant,assimilation_strength,mid_plus,0.325,0.5,macro_opinion_global_variance,macro,0.000836042397552,0.0142537077920761,-0.0713372949139362,0.1023193827891596,-0.0044333663003312,0.0052243112537655,0.625,24,0.0586543803021437,True,False
secondary_dose_response,deffuant,assimilation_strength,plus,0.4,1.0,macro_opinion_global_variance,macro,-0.0012623063332977,-0.0215210923173224,-0.1873482820850369,0.1535842481894132,-0.0091706754478611,0.0087504962280333,0.5,24,0.0586543803021437,False,False
secondary_dose_response,deffuant,assimilation_strength,minus,0.12,-1.0,meso_neighborhood_abs_opinion_std,meso,0.0284543280910918,0.8449205169425186,0.7546041692361125,0.9355550733312415,0.0253280906272355,0.0313042902503443,1.0,24,0.0336769288004254,False,False
secondary_dose_response,deffuant,assimilation_strength,mid_minus,0.185,-0.5,meso_neighborhood_abs_opinion_std,meso,0.009029873553703,0.2681323349648492,0.1958413979208896,0.338650871304925,0.0064558178142118,0.0115721838981405,0.9166666666666666,24,0.0336769288004254,True,False
secondary_dose_response,deffuant,assimilation_strength,baseline,0.25,0.0,meso_neighborhood_abs_opinion_std,meso,0.0,0.0,0.0,0.0,0.0,0.0,1.0,24,0.0336769288004254,False,False
secondary_dose_response,deffuant,assimilation_strength,mid_plus,0.325,0.5,meso_neighborhood_abs_opinion_std,meso,-0.0060123990114538,-0.178531689961523,-0.24176508730457,-0.1220093258628546,-0.0081823642431846,-0.0039103002362896,0.9166666666666666,24,0.0336769288004254,True,False
secondary_dose_response,deffuant,assimilation_strength,plus,0.4,1.0,meso_neighborhood_abs_opinion_std,meso,-0.008585698483212,-0.2549430363466989,-0.3253331447169005,-0.1951117504499884,-0.0109612327583535,-0.006310236226931,0.9166666666666666,24,0.0336769288004254,False,False
secondary_dose_response,deffuant,assimilation_strength,minus,0.12,-1.0,meso_neighborhood_abs_opinion_variance,meso,0.0039442394422431,0.8048526616099476,0.6810814555433331,0.944848938507899,0.0034012048129248,0.0045547400102357,1.0,24,0.0049005732730677,False,False
secondary_dose_response,deffuant,assimilation_strength,mid_minus,0.185,-0.5,meso_neighborhood_abs_opinion_variance,meso,0.0011006520351465,0.2245965877493171,0.1375548934795976,0.3102554295480736,0.0006357635904625,0.0015566029422648,0.9166666666666666,24,0.0049005732730677,True,False
secondary_dose_response,deffuant,assimilation_strength,baseline,0.25,0.0,meso_neighborhood_abs_opinion_variance,meso,0.0,0.0,0.0,0.0,0.0,0.0,1.0,24,0.0049005732730677,False,False
secondary_dose_response,deffuant,assimilation_strength,mid_plus,0.325,0.5,meso_neighborhood_abs_opinion_variance,meso,-0.0007676487833831,-0.1566446904491617,-0.2410124481063502,-0.0852594846039889,-0.0012088223278427,-0.0004105739429948,0.7916666666666666,24,0.0049005732730677,True,False
secondary_dose_response,deffuant,assimilation_strength,plus,0.4,1.0,meso_neighborhood_abs_opinion_variance,meso,-0.0011725903507415,-0.2392761592170872,-0.3370109217371394,-0.164061803566752,-0.0016061233296389,-0.0007850970928055,0.9166666666666666,24,0.0049005732730677,False,False
secondary_dose_response,deffuant,assimilation_strength,minus,0.12,-1.0,meso_neighborhood_agent_shift_std,meso,-0.0007323985012389,-0.127388057277158,-0.171865171609239,-0.0845314056393844,-0.0009863406843405,-0.0005026767563492,0.875,24,0.0057493497969392,False,False
secondary_dose_response,deffuant,assimilation_strength,mid_minus,0.185,-0.5,meso_neighborhood_agent_shift_std,meso,-0.0003082011127224,-0.0536062552475926,-0.096948488239466,-0.0074439009259102,-0.0005800593569414,-7.196904389966192e-05,0.7083333333333334,24,0.0057493497969392,True,False
secondary_dose_response,deffuant,assimilation_strength,baseline,0.25,0.0,meso_neighborhood_agent_shift_std,meso,0.0,0.0,0.0,0.0,0.0,0.0,1.0,24,0.0057493497969392,False,False
secondary_dose_response,deffuant,assimilation_strength,mid_plus,0.325,0.5,meso_neighborhood_agent_shift_std,meso,0.0007126262824187,0.1239490216438319,0.0749902486990708,0.1669939286948764,0.0004414252882212,0.001001146507323,0.7916666666666666,24,0.0057493497969392,True,False
secondary_dose_response,deffuant,assimilation_strength,plus,0.4,1.0,meso_neighborhood_agent_shift_std,meso,0.0015041144518538,0.2616147051366791,0.1738861062019726,0.3500073997154791,0.0009997798785963,0.0020337614849472,0.9166666666666666,24,0.0057493497969392,False,False
secondary_dose_response,deffuant,assimilation_strength,minus,0.12,-1.0,meso_neighborhood_interaction_distance_std,meso,0.0115471052743249,0.1115657932388305,0.0841725223926317,0.1411691562421784,0.0080882305977194,0.014529803770571,0.9583333333333334,24,0.1035004093916665,False,False
secondary_dose_response,deffuant,assimilation_strength,mid_minus,0.185,-0.5,meso_neighborhood_interaction_distance_std,meso,0.0015039917377075,0.0145312636592198,-0.0280249395543861,0.0562418688884605,-0.0033126973663087,0.0060473953357178,0.5833333333333334,24,0.1035004093916665,True,False
secondary_dose_response,deffuant,assimilation_strength,baseline,0.25,0.0,meso_neighborhood_interaction_distance_std,meso,0.0,0.0,0.0,0.0,0.0,0.0,1.0,24,0.1035004093916665,False,False
secondary_dose_response,deffuant,assimilation_strength,mid_plus,0.325,0.5,meso_neighborhood_interaction_distance_std,meso,-9.72511366571658e-05,-0.0009396207921182,-0.0340874219062516,0.0290259213655987,-0.0035488183606385,0.0032449867805784,0.4166666666666667,24,0.1035004093916665,True,False
secondary_dose_response,deffuant,assimilation_strength,plus,0.4,1.0,meso_neighborhood_interaction_distance_std,meso,-0.0049443731491,-0.0477715322882396,-0.0937689211366851,0.003361509312347,-0.0098866380464116,7.589902474026142e-05,0.5833333333333334,24,0.1035004093916665,False,False
secondary_dose_response,deffuant,assimilation_strength,minus,0.12,-1.0,meso_neighborhood_opinion_std,meso,0.0222225259866224,0.2054652532642656,0.177200953530872,0.2356983454944258,0.0193036199743014,0.0257939795091435,1.0,24,0.1081571002082782,False,False
secondary_dose_response,deffuant,assimilation_strength,mid_minus,0.185,-0.5,meso_neighborhood_opinion_std,meso,0.0046514482090743,0.0430064064228522,0.0043349138840748,0.0794985915263824,0.0007152090878084,0.0086542446673439,0.75,24,0.1081571002082782,True,False
secondary_dose_response,deffuant,assimilation_strength,baseline,0.25,0.0,meso_neighborhood_opinion_std,meso,0.0,0.0,0.0,0.0,0.0,0.0,1.0,24,0.1081571002082782,False,False
secondary_dose_response,deffuant,assimilation_strength,mid_plus,0.325,0.5,meso_neighborhood_opinion_std,meso,-0.0018676120585647,-0.0172675862700488,-0.0491703564378319,0.0153323228198968,-0.0055964683881386,0.001680232963769,0.5416666666666666,24,0.1081571002082782,True,False
secondary_dose_response,deffuant,assimilation_strength,plus,0.4,1.0,meso_neighborhood_opinion_std,meso,-0.0064081526467494,-0.0592485619012456,-0.105535103025798,-0.0170476362555138,-0.0115180829368875,-0.0006863730417751,0.6666666666666666,24,0.1081571002082782,False,False
secondary_dose_response,deffuant,assimilation_strength,minus,0.12,-1.0,meso_neighborhood_opinion_variance,meso,0.0069556824857836,0.1491503226741311,0.1121426854943218,0.1800507323574938,0.0051508743633084,0.0086925061807969,0.9166666666666666,24,0.046635383424417,False,False
secondary_dose_response,deffuant,assimilation_strength,mid_minus,0.185,-0.5,meso_neighborhood_opinion_variance,meso,0.0009182114263111,0.0196891578644215,-0.0280002088919768,0.0619133918386599,-0.0012200277910012,0.0028321693982549,0.625,24,0.046635383424417,True,False
secondary_dose_response,deffuant,assimilation_strength,baseline,0.25,0.0,meso_neighborhood_opinion_variance,meso,0.0,0.0,0.0,0.0,0.0,0.0,1.0,24,0.046635383424417,False,False
secondary_dose_response,deffuant,assimilation_strength,mid_plus,0.325,0.5,meso_neighborhood_opinion_variance,meso,-0.0002145495282107,-0.0046005739088312,-0.0471961683785507,0.0380329404584596,-0.0024055160806378,0.0018889885528473,0.4583333333333333,24,0.046635383424417,True,False
secondary_dose_response,deffuant,assimilation_strength,plus,0.4,1.0,meso_neighborhood_opinion_variance,meso,-0.0024199811260556,-0.0518915241680771,-0.1150409023406922,0.013796818655953,-0.0057242509906482,0.0007851832081213,0.625,24,0.046635383424417,False,False
secondary_dose_response,deffuant,assimilation_strength,minus,0.12,-1.0,micro_mean_abs_agent_shift,micro,-0.000446620264018,-0.0862345684606112,-0.128203740767466,-0.0503153771461671,-0.000672399803626,-0.0002717954952582,0.8333333333333334,24,0.0051791325913816,False,False
secondary_dose_response,deffuant,assimilation_strength,mid_minus,0.185,-0.5,micro_mean_abs_agent_shift,micro,-0.0001864432347836,-0.0359989306112628,-0.0810684249200199,0.0113507270582669,-0.0004301373508356,1.4694529300707536e-05,0.5833333333333334,24,0.0051791325913816,True,False
secondary_dose_response,deffuant,assimilation_strength,baseline,0.25,0.0,micro_mean_abs_agent_shift,micro,0.0,0.0,0.0,0.0,0.0,0.0,1.0,24,0.0051791325913816,False,False
secondary_dose_response,deffuant,assimilation_strength,mid_plus,0.325,0.5,micro_mean_abs_agent_shift,micro,0.000521124833089,0.1006200988088674,0.0557053139872159,0.1548879240368123,0.000290609411883,0.0007639482122462,0.7916666666666666,24,0.0051791325913816,True,False
secondary_dose_response,deffuant,assimilation_strength,plus,0.4,1.0,micro_mean_abs_agent_shift,micro,0.0011016551328328,0.2127103551405641,0.1443422546772928,0.2986010945656425,0.0007092510755477,0.0015756806279381,0.9166666666666666,24,0.0051791325913816,False,False
secondary_dose_response,deffuant,backfire_threshold,minus,0.5,-1.0,macro_network_assortativity,macro,0.0022595148891089,0.0123667882452514,-0.0081414107579701,0.0294099337368612,-0.0014341441447699,0.0055685999768489,0.5833333333333334,24,0.1827083026166087,False,False
secondary_dose_response,deffuant,backfire_threshold,mid_minus,0.575,-0.5,macro_network_assortativity,macro,0.0027401175651519,0.0149972252268235,-0.0014166123832062,0.0356136120026965,9.766626352609832e-05,0.0060615221267639,0.6666666666666666,24,0.1827083026166087,True,False
secondary_dose_response,deffuant,backfire_threshold,baseline,0.65,0.0,macro_network_assortativity,macro,0.0,0.0,0.0,0.0,0.0,0.0,1.0,24,0.1827083026166087,False,False
secondary_dose_response,deffuant,backfire_threshold,mid_plus,0.735,0.5,macro_network_assortativity,macro,-0.0038214572800316,-0.0209156191880917,-0.035673801916466,-0.0071553755826766,-0.0065758650425854,-0.0014145443751764,0.7916666666666666,24,0.1827083026166087,True,False
secondary_dose_response,deffuant,backfire_threshold,plus,0.82,1.0,macro_network_assortativity,macro,-0.0077260692551157,-0.0422863610710014,-0.0638521340243841,-0.021539577062452,-0.0117137355870253,-0.0037542843873339,0.7916666666666666,24,0.1827083026166087,False,False
secondary_dose_response,deffuant,backfire_threshold,minus,0.5,-1.0,macro_network_largest_component_fraction,macro,0.0001636904761904,0.1022709892950206,-0.0836762639686532,0.3904892318537152,-8.928571428571396e-05,0.0006249999999999,0.0416666666666666,24,0.0016005562996782,False,False
secondary_dose_response,deffuant,backfire_threshold,mid_minus,0.575,-0.5,macro_network_largest_component_fraction,macro,2.9761904761904657e-05,0.0185947253263673,0.0,0.0557841759791021,0.0,8.928571428571399e-05,0.0416666666666666,24,0.0016005562996782,True,False
secondary_dose_response,deffuant,backfire_threshold,baseline,0.65,0.0,macro_network_largest_component_fraction,macro,0.0,0.0,0.0,0.0,0.0,0.0,1.0,24,0.0016005562996782,False,False
secondary_dose_response,deffuant,backfire_threshold,mid_plus,0.735,0.5,macro_network_largest_component_fraction,macro,0.0002083333333333,0.1301630772845717,0.0,0.3904892318537152,0.0,0.0006249999999999,0.0416666666666666,24,0.0016005562996782,True,False
secondary_dose_response,deffuant,backfire_threshold,plus,0.82,1.0,macro_network_largest_component_fraction,macro,0.0002083333333333,0.1301630772845717,0.0,0.3904892318537152,0.0,0.0006249999999999,0.0416666666666666,24,0.0016005562996782,False,False
secondary_dose_response,deffuant,backfire_threshold,minus,0.5,-1.0,macro_opinion_global_mean,macro,-0.0013848774610067,-0.046454595793415,-0.1054310866743723,0.0139716435730164,-0.0033269908414532,0.0002852369617649,0.6666666666666666,24,0.0298114198897637,False,False
secondary_dose_response,deffuant,backfire_threshold,mid_minus,0.575,-0.5,macro_opinion_global_mean,macro,-0.0016036593338466,-0.0537934569965697,-0.1259320027357857,0.0099565251612851,-0.0037343779605616,0.0004669120705275,0.5416666666666666,24,0.0298114198897637,True,False
secondary_dose_response,deffuant,backfire_threshold,baseline,0.65,0.0,macro_opinion_global_mean,macro,0.0,0.0,0.0,0.0,0.0,0.0,1.0,24,0.0298114198897637,False,False
secondary_dose_response,deffuant,backfire_threshold,mid_plus,0.735,0.5,macro_opinion_global_mean,macro,3.176087940364456e-05,0.0010653930447153,-0.056103324819358,0.0493536440907055,-0.0017148895591,0.0016430770998809,0.4583333333333333,24,0.0298114198897637,True,False
secondary_dose_response,deffuant,backfire_threshold,plus,0.82,1.0,macro_opinion_global_mean,macro,-0.0024118094974777,-0.0809022014515266,-0.1522021408467194,-0.0187579617948923,-0.0046453309047068,-0.0006792353529991,0.6666666666666666,24,0.0298114198897637,False,False
secondary_dose_response,deffuant,backfire_threshold,minus,0.5,-1.0,macro_opinion_global_variance,macro,0.0292083098656601,0.4979732070341658,0.4026800266422647,0.6002066921427969,0.02327071955191,0.034710829780097,0.9166666666666666,24,0.0586543803021437,False,False
secondary_dose_response,deffuant,backfire_threshold,mid_minus,0.575,-0.5,macro_opinion_global_variance,macro,0.016484856280306,0.2810507279317982,0.2201955117310453,0.3517221006331187,0.0128045806851947,0.0199918344485322,0.9583333333333334,24,0.0586543803021437,True,False
secondary_dose_response,deffuant,backfire_threshold,baseline,0.65,0.0,macro_opinion_global_variance,macro,0.0,0.0,0.0,0.0,0.0,0.0,1.0,24,0.0586543803021437,False,False
secondary_dose_response,deffuant,backfire_threshold,mid_plus,0.735,0.5,macro_opinion_global_variance,macro,-0.0350439639555083,-0.5974654198882997,-0.66107406047532,-0.5357513445619748,-0.0386679398779949,-0.0316544067847823,1.0,24,0.0586543803021437,True,False
secondary_dose_response,deffuant,backfire_threshold,plus,0.82,1.0,macro_opinion_global_variance,macro,-0.0914525933770669,-1.559177556833287,-1.661128036160551,-1.4504890010124831,-0.0979378782679873,-0.0850855058668151,1.0,24,0.0586543803021437,False,False
secondary_dose_response,deffuant,backfire_threshold,minus,0.5,-1.0,meso_neighborhood_abs_opinion_std,meso,-0.0029426820921219,-0.087379764038482,-0.1539627820927221,-0.0224370095909795,-0.0050373175566532,-0.0007728981617846,0.7916666666666666,24,0.0336769288004254,False,False
secondary_dose_response,deffuant,backfire_threshold,mid_minus,0.575,-0.5,meso_neighborhood_abs_opinion_std,meso,-0.0023227808754269,-0.0689724674477333,-0.1267335409307328,-0.0189296924868055,-0.0039921331344702,-0.000808808591663,0.6666666666666666,24,0.0336769288004254,True,False
secondary_dose_response,deffuant,backfire_threshold,baseline,0.65,0.0,meso_neighborhood_abs_opinion_std,meso,0.0,0.0,0.0,0.0,0.0,0.0,1.0,24,0.0336769288004254,False,False
secondary_dose_response,deffuant,backfire_threshold,mid_plus,0.735,0.5,meso_neighborhood_abs_opinion_std,meso,0.0020187349423768,0.0599441521030663,0.0015635997859073,0.1088704695842768,0.0004181012119749,0.0040560633889633,0.75,24,0.0336769288004254,True,False
secondary_dose_response,deffuant,backfire_threshold,plus,0.82,1.0,meso_neighborhood_abs_opinion_std,meso,0.0022213421153771,0.0659603531112091,0.0004723877620002,0.1221224678518909,-0.0001264239689398,0.0040853653949198,0.8333333333333334,24,0.0336769288004254,False,False
secondary_dose_response,deffuant,backfire_threshold,minus,0.5,-1.0,meso_neighborhood_agent_shift_std,meso,-0.0002486020838118,-0.0432400345416868,-0.0870434104809472,0.0107732023868179,-0.0005080316567236,5.751290899204101e-05,0.7916666666666666,24,0.0057493497969392,False,False
secondary_dose_response,deffuant,backfire_threshold,mid_minus,0.575,-0.5,meso_neighborhood_agent_shift_std,meso,-0.0002539726241533,-0.0441741471859311,-0.0761746674930916,-0.0118715209991409,-0.000451671778921,-6.452598660951507e-05,0.6666666666666666,24,0.0057493497969392,True,False
secondary_dose_response,deffuant,backfire_threshold,baseline,0.65,0.0,meso_neighborhood_agent_shift_std,meso,0.0,0.0,0.0,0.0,0.0,0.0,1.0,24,0.0057493497969392,False,False
secondary_dose_response,deffuant,backfire_threshold,mid_plus,0.735,0.5,meso_neighborhood_agent_shift_std,meso,0.0003176957373412,0.0552576810529778,0.0040946183067055,0.1081988950098824,1.6942478441918978e-05,0.0006478117406349,0.6666666666666666,24,0.0057493497969392,True,False
secondary_dose_response,deffuant,backfire_threshold,plus,0.82,1.0,meso_neighborhood_agent_shift_std,meso,-0.0003683267162882,-0.0640640645111415,-0.1530284897570354,0.0131654679873309,-0.0008531884654304,5.01181016741565e-05,0.5,24,0.0057493497969392,False,False
secondary_dose_response,deffuant,backfire_threshold,minus,0.5,-1.0,meso_neighborhood_interaction_distance_std,meso,0.0083075216348524,0.0802655920269372,0.0314991366019693,0.1282972702735702,0.002995771468595,0.0129109844744511,0.7916666666666666,24,0.1035004093916665,False,False
secondary_dose_response,deffuant,backfire_threshold,mid_minus,0.575,-0.5,meso_neighborhood_interaction_distance_std,meso,0.0038126759439191,0.0368373030244859,0.0043499854387638,0.067244273822094,0.0006749326045575,0.0066779344281514,0.625,24,0.1035004093916665,True,False
secondary_dose_response,deffuant,backfire_threshold,baseline,0.65,0.0,meso_neighborhood_interaction_distance_std,meso,0.0,0.0,0.0,0.0,0.0,0.0,1.0,24,0.1035004093916665,False,False
secondary_dose_response,deffuant,backfire_threshold,mid_plus,0.735,0.5,meso_neighborhood_interaction_distance_std,meso,-0.00931181131008,-0.0899688355322559,-0.1154127499842036,-0.0688785754430742,-0.0120487750866835,-0.006764087833793,0.9166666666666666,24,0.1035004093916665,True,False
secondary_dose_response,deffuant,backfire_threshold,plus,0.82,1.0,meso_neighborhood_interaction_distance_std,meso,-0.0271065726553103,-0.2618982167764533,-0.2970242033888848,-0.227339144008061,-0.0310219619145741,-0.0235613483961329,1.0,24,0.1035004093916665,False,False
secondary_dose_response,deffuant,backfire_threshold,minus,0.5,-1.0,meso_neighborhood_interaction_distance_variance,meso,0.0070357615401163,0.162479774202099,0.1004524881080943,0.2216832619248994,0.0044346213324887,0.0099195524107259,0.9166666666666666,24,0.0433023837869502,False,False
secondary_dose_response,deffuant,backfire_threshold,mid_minus,0.575,-0.5,meso_neighborhood_interaction_distance_variance,meso,0.003927764727109,0.0907055081871194,0.0507231976675747,0.1321878340037863,0.0020255481834985,0.0056980552243276,0.7916666666666666,24,0.0433023837869502,True,False
secondary_dose_response,deffuant,backfire_threshold,baseline,0.65,0.0,meso_neighborhood_interaction_distance_variance,meso,0.0,0.0,0.0,0.0,0.0,0.0,1.0,24,0.0433023837869502,False,False
secondary_dose_response,deffuant,backfire_threshold,mid_plus,0.735,0.5,meso_neighborhood_interaction_distance_variance,meso,-0.0080031576628532,-0.1848202561371482,-0.221140307885563,-0.1476185491092675,-0.0098605067691859,-0.0066603820058175,1.0,24,0.0433023837869502,True,False
secondary_dose_response,deffuant,backfire_threshold,plus,0.82,1.0,meso_neighborhood_interaction_distance_variance,meso,-0.020545211368054,-0.4744591306829086,-0.5183446255362927,-0.4306773724704615,-0.0223296322582539,-0.0187584784238745,1.0,24,0.0433023837869502,False,False
secondary_dose_response,deffuant,backfire_threshold,minus,0.5,-1.0,meso_neighborhood_opinion_std,meso,0.0084938237860372,0.0785322810031028,0.0322998979009333,0.1205733023915704,0.0039540811260849,0.0129516433695712,0.7916666666666666,24,0.1081571002082782,False,False
secondary_dose_response,deffuant,backfire_threshold,mid_minus,0.575,-0.5,meso_neighborhood_opinion_std,meso,0.0030167957567171,0.0278927204123233,0.0002200863243748,0.0579604195686421,-0.000215460219464,0.0060757050240087,0.625,24,0.1081571002082782,True,False
secondary_dose_response,deffuant,backfire_threshold,baseline,0.65,0.0,meso_neighborhood_opinion_std,meso,0.0,0.0,0.0,0.0,0.0,0.0,1.0,24,0.1081571002082782,False,False
secondary_dose_response,deffuant,backfire_threshold,mid_plus,0.735,0.5,meso_neighborhood_opinion_std,meso,-0.008454118834181,-0.0781651765616952,-0.1062536424627526,-0.0556837539093841,-0.0118594577573352,-0.0057977847645573,0.875,24,0.1081571002082782,True,False
secondary_dose_response,deffuant,backfire_threshold,plus,0.82,1.0,meso_neighborhood_opinion_std,meso,-0.02538590665801,-0.2347132699482914,-0.2671976167164268,-0.1987949351040857,-0.0290724388506713,-0.0214216372409894,1.0,24,0.1081571002082782,False,False
secondary_dose_response,deffuant,backfire_threshold,minus,0.5,-1.0,meso_neighborhood_opinion_variance,meso,0.0071604805908832,0.1535417973455369,0.1031438817680995,0.2063149092834042,0.0047083424879325,0.0095862383392931,0.9166666666666666,24,0.046635383424417,False,False
secondary_dose_response,deffuant,backfire_threshold,mid_minus,0.575,-0.5,meso_neighborhood_opinion_variance,meso,0.0034528125778369,0.0740384730283819,0.03607746659315,0.111838344699242,0.001948131750595,0.0051926058205703,0.7916666666666666,24,0.046635383424417,True,False
secondary_dose_response,deffuant,backfire_threshold,baseline,0.65,0.0,meso_neighborhood_opinion_variance,meso,0.0,0.0,0.0,0.0,0.0,0.0,1.0,24,0.046635383424417,False,False
secondary_dose_response,deffuant,backfire_threshold,mid_plus,0.735,0.5,meso_neighborhood_opinion_variance,meso,-0.0075977935137651,-0.1629190746566726,-0.206483587920827,-0.1332564149964299,-0.0093320544553989,-0.0061255485454554,1.0,24,0.046635383424417,True,False
secondary_dose_response,deffuant,backfire_threshold,plus,0.82,1.0,meso_neighborhood_opinion_variance,meso,-0.0201187307737803,-0.4314048539214258,-0.4714302443760513,-0.3861546460976815,-0.0218302467574485,-0.0180896217484001,1.0,24,0.046635383424417,False,False
secondary_dose_response,deffuant,backfire_threshold,minus,0.5,-1.0,micro_backfire_fraction,micro,0.0062847222222222,0.084013836920408,0.0504580340999088,0.1120571296309494,0.0037110615079365,0.0090645254629629,0.9166666666666666,24,0.0748057992896593,False,False
secondary_dose_response,deffuant,backfire_threshold,mid_minus,0.575,-0.5,micro_backfire_fraction,micro,0.0029861111111111,0.0399181766583154,0.0197474512629875,0.0575050510838996,0.0014349371693121,0.0046688574735449,0.7083333333333334,24,0.0748057992896593,True,False
secondary_dose_response,deffuant,backfire_threshold,baseline,0.65,0.0,micro_backfire_fraction,micro,0.0,0.0,0.0,0.0,0.0,0.0,1.0,24,0.0748057992896593,False,False
secondary_dose_response,deffuant,backfire_threshold,mid_plus,0.735,0.5,micro_backfire_fraction,micro,-0.0081316137566137,-0.1087029860496098,-0.1299661565619572,-0.0872989083522143,-0.0097019262566137,-0.0066090856481481,0.9583333333333334,24,0.0748057992896593,True,False
secondary_dose_response,deffuant,backfire_threshold,plus,0.82,1.0,micro_backfire_fraction,micro,-0.0364368386243386,-0.4870857469652809,-0.5774558793743463,-0.4010185331835453,-0.0430185185185185,-0.0305731646825396,1.0,24,0.0748057992896593,False,False
secondary_dose_response,deffuant,confidence_bound,minus,0.22,-1.0,macro_network_assortativity,macro,-0.0409344912401327,-0.224042863153454,-0.2489579891460217,-0.1997567055470836,-0.0456338441464105,-0.0362858018426282,1.0,24,0.1827083026166087,False,False
secondary_dose_response,deffuant,confidence_bound,mid_minus,0.285,-0.5,macro_network_assortativity,macro,-0.0142338476522939,-0.0779047664963643,-0.1080074695341911,-0.0517719700604872,-0.0190854044334395,-0.0092923181846067,0.875,24,0.1827083026166087,True,False
secondary_dose_response,deffuant,confidence_bound,baseline,0.35,0.0,macro_network_assortativity,macro,0.0,0.0,0.0,0.0,0.0,0.0,1.0,24,0.1827083026166087,False,False
secondary_dose_response,deffuant,confidence_bound,mid_plus,0.425,0.5,macro_network_assortativity,macro,0.0010026268299251,0.0054875822037985,-0.0444492979517814,0.0523999387189686,-0.0093868826768795,0.0089249555208858,0.6666666666666666,24,0.1827083026166087,True,False
secondary_dose_response,deffuant,confidence_bound,plus,0.5,1.0,macro_network_assortativity,macro,-0.1574754712418754,-0.8618955405235127,-1.2356195619270085,-0.5382312412981002,-0.2244052160411517,-0.0921958250349388,0.9166666666666666,24,0.1827083026166087,False,False
secondary_dose_response,deffuant,confidence_bound,minus,0.22,-1.0,macro_network_largest_component_fraction,macro,0.0002083333333333,0.1301630772845717,0.0,0.3904892318537152,0.0,0.0006249999999999,0.0416666666666666,24,0.0016005562996782,False,False
secondary_dose_response,deffuant,confidence_bound,mid_minus,0.285,-0.5,macro_network_largest_component_fraction,macro,5.125661375661358e-05,0.0320242491731882,-0.0650815386422858,0.1557566506157244,-0.0001041666666666,0.0002579365079365,0.0416666666666666,24,0.0016005562996782,True,False
secondary_dose_response,deffuant,confidence_bound,baseline,0.35,0.0,macro_network_largest_component_fraction,macro,0.0,0.0,0.0,0.0,0.0,0.0,1.0,24,0.0016005562996782,False,False
secondary_dose_response,deffuant,confidence_bound,mid_plus,0.425,0.5,macro_network_largest_component_fraction,macro,0.0002017195767195,0.1260309161009345,-0.0123964835509115,0.3904892318537152,-1.322751322751318e-05,0.0006249999999999,0.0416666666666666,24,0.0016005562996782,True,False
secondary_dose_response,deffuant,confidence_bound,plus,0.5,1.0,macro_network_largest_component_fraction,macro,0.0002083333333333,0.1301630772845717,0.0,0.3904892318537152,0.0,0.0006249999999999,0.0416666666666666,24,0.0016005562996782,False,False
secondary_dose_response,deffuant,confidence_bound,minus,0.22,-1.0,macro_opinion_global_mean,macro,-0.0005032773719738,-0.016882032920097,-0.1724003014815388,0.1416860016971086,-0.0050724131786701,0.0038115060603627,0.5,24,0.0298114198897637,False,False
secondary_dose_response,deffuant,confidence_bound,mid_minus,0.285,-0.5,macro_opinion_global_mean,macro,-0.0019690927108469,-0.066051624448895,-0.203239581366885,0.0600282474422661,-0.0061937587938872,0.0011868538822513,0.5833333333333334,24,0.0298114198897637,True,False
secondary_dose_response,deffuant,confidence_bound,baseline,0.35,0.0,macro_opinion_global_mean,macro,0.0,0.0,0.0,0.0,0.0,0.0,1.0,24,0.0298114198897637,False,False
secondary_dose_response,deffuant,confidence_bound,mid_plus,0.425,0.5,macro_opinion_global_mean,macro,3.303866988822677e-05,0.0011082554943842,-0.1279260649720565,0.1478836786702896,-0.0041937013244975,0.0041016619576963,0.4166666666666667,24,0.0298114198897637,True,False
secondary_dose_response,deffuant,confidence_bound,plus,0.5,1.0,macro_opinion_global_mean,macro,-0.0012898599791495,-0.0432673111149757,-0.2183227119629223,0.1468461393350003,-0.0068802185359756,0.0044993165318432,0.5833333333333334,24,0.0298114198897637,False,False
secondary_dose_response,deffuant,confidence_bound,minus,0.22,-1.0,macro_opinion_global_variance,macro,0.0343607898210249,0.5858179669450718,0.4586513555657316,0.7158780925399847,0.0253179340197571,0.0428926176672416,0.875,24,0.0586543803021437,False,False
secondary_dose_response,deffuant,confidence_bound,mid_minus,0.285,-0.5,macro_opinion_global_variance,macro,0.0191551372586261,0.3265764152643526,0.1896031037681257,0.4314886615698255,0.012352323293952,0.0263213179328493,0.875,24,0.0586543803021437,True,False
secondary_dose_response,deffuant,confidence_bound,baseline,0.35,0.0,macro_opinion_global_variance,macro,0.0,0.0,0.0,0.0,0.0,0.0,1.0,24,0.0586543803021437,False,False
secondary_dose_response,deffuant,confidence_bound,mid_plus,0.425,0.5,macro_opinion_global_variance,macro,-0.0765088427723163,-1.304401178193337,-1.6541534040474315,-0.9862741929563956,-0.0964995554616186,-0.0571738817936201,1.0,24,0.0586543803021437,True,False
secondary_dose_response,deffuant,confidence_bound,plus,0.5,1.0,macro_opinion_global_variance,macro,-0.2277160737238499,-3.882337048841468,-4.145837178608264,-3.6215810262724775,-0.2431804953747289,-0.2103776195934174,1.0,24,0.0586543803021437,False,False
secondary_dose_response,deffuant,confidence_bound,minus,0.22,-1.0,meso_neighborhood_abs_opinion_std,meso,0.0429037677026931,1.2739810080945135,1.1570519399305297,1.3797939792212688,0.0386863028002337,0.0468276181286408,1.0,24,0.0336769288004254,False,False
secondary_dose_response,deffuant,confidence_bound,mid_minus,0.285,-0.5,meso_neighborhood_abs_opinion_std,meso,0.012039899442076,0.3575118002424255,0.2418795990866039,0.4548171308873771,0.0085410449624136,0.0154829138239735,0.9166666666666666,24,0.0336769288004254,True,False
secondary_dose_response,deffuant,confidence_bound,baseline,0.35,0.0,meso_neighborhood_abs_opinion_std,meso,0.0,0.0,0.0,0.0,0.0,0.0,1.0,24,0.0336769288004254,False,False
secondary_dose_response,deffuant,confidence_bound,mid_plus,0.425,0.5,meso_neighborhood_abs_opinion_std,meso,0.0065044453376881,0.1931424737758755,0.0645806851492746,0.3253084198010942,0.0020149633255302,0.0108442754550483,0.7083333333333334,24,0.0336769288004254,True,False
secondary_dose_response,deffuant,confidence_bound,plus,0.5,1.0,meso_neighborhood_abs_opinion_std,meso,0.0183250581392637,0.5441427942512459,0.3563175747101844,0.7387783174296054,0.0109176009120209,0.0250724665278757,0.7916666666666666,24,0.0336769288004254,False,False
secondary_dose_response,deffuant,confidence_bound,minus,0.22,-1.0,meso_neighborhood_abs_opinion_variance,meso,0.0087175501032655,1.7788837381893363,1.565638492246357,2.0286009156116087,0.007739668826484,0.0098490075166122,1.0,24,0.0049005732730677,False,False
secondary_dose_response,deffuant,confidence_bound,mid_minus,0.285,-0.5,meso_neighborhood_abs_opinion_variance,meso,0.0023143482586265,0.4722607192398518,0.3363751135187196,0.6010380191266421,0.0016751536736806,0.002917912232953,0.9166666666666666,24,0.0049005732730677,True,False
secondary_dose_response,deffuant,confidence_bound,baseline,0.35,0.0,meso_neighborhood_abs_opinion_variance,meso,0.0,0.0,0.0,0.0,0.0,0.0,1.0,24,0.0049005732730677,False,False
secondary_dose_response,deffuant,confidence_bound,mid_plus,0.425,0.5,meso_neighborhood_abs_opinion_variance,meso,0.0004663140503108,0.0951550001045042,-0.0502682500926352,0.221685057543286,-0.0003348396033208,0.0011058127208765,0.7083333333333334,24,0.0049005732730677,True,False
secondary_dose_response,deffuant,confidence_bound,plus,0.5,1.0,meso_neighborhood_abs_opinion_variance,meso,0.0026476572148839,0.5402749979139808,0.3654230204248724,0.6978639588876642,0.0018462075462014,0.0034272737662101,0.9166666666666666,24,0.0049005732730677,False,False
secondary_dose_response,deffuant,confidence_bound,minus,0.22,-1.0,meso_neighborhood_interaction_distance_std,meso,0.0442947378280337,0.427966788618328,0.3834498299082577,0.4723624395973319,0.039637156333977,0.0491684790795573,1.0,24,0.1035004093916665,False,False
secondary_dose_response,deffuant,confidence_bound,mid_minus,0.285,-0.5,meso_neighborhood_interaction_distance_std,meso,0.0158228702814416,0.1528773690311187,0.0949338147253104,0.202498489322174,0.0099919329840705,0.0210452850505202,0.8333333333333334,24,0.1035004093916665,True,False
secondary_dose_response,deffuant,confidence_bound,baseline,0.35,0.0,meso_neighborhood_interaction_distance_std,meso,0.0,0.0,0.0,0.0,0.0,0.0,1.0,24,0.1035004093916665,False,False
secondary_dose_response,deffuant,confidence_bound,mid_plus,0.425,0.5,meso_neighborhood_interaction_distance_std,meso,-0.0289489733751206,-0.2796991195036909,-0.3443571256464967,-0.2232159839277931,-0.0356144495788898,-0.0228538891644254,1.0,24,0.1035004093916665,True,False
secondary_dose_response,deffuant,confidence_bound,plus,0.5,1.0,meso_neighborhood_interaction_distance_std,meso,-0.0908968453064587,-0.8782269156297406,-0.9873690759633184,-0.7632894002405803,-0.1030446345228175,-0.0795992764165247,1.0,24,0.1035004093916665,False,False
secondary_dose_response,deffuant,confidence_bound,minus,0.22,-1.0,meso_neighborhood_interaction_distance_variance,meso,0.0201392738554444,0.465084646483451,0.4015930298563517,0.5323324946140847,0.0171185706107763,0.0230700960896248,1.0,24,0.0433023837869502,False,False
secondary_dose_response,deffuant,confidence_bound,mid_minus,0.285,-0.5,meso_neighborhood_interaction_distance_variance,meso,0.0082853266504994,0.1913365021949749,0.1144258215107539,0.2567274816457177,0.0053588633389092,0.0111958655966212,0.875,24,0.0433023837869502,True,False
secondary_dose_response,deffuant,confidence_bound,baseline,0.35,0.0,meso_neighborhood_interaction_distance_variance,meso,0.0,0.0,0.0,0.0,0.0,0.0,1.0,24,0.0433023837869502,False,False
secondary_dose_response,deffuant,confidence_bound,mid_plus,0.425,0.5,meso_neighborhood_interaction_distance_variance,meso,-0.0197706225652181,-0.4565712285607771,-0.5525606661037387,-0.3664348228311604,-0.0240123120676348,-0.0155595207023148,1.0,24,0.0433023837869502,True,False
secondary_dose_response,deffuant,confidence_bound,plus,0.5,1.0,meso_neighborhood_interaction_distance_variance,meso,-0.0502342281947284,-1.1600799725456958,-1.244220091959095,-1.0606868761342607,-0.0540175496718593,-0.0460062362173526,1.0,24,0.0433023837869502,False,False
secondary_dose_response,deffuant,confidence_bound,minus,0.22,-1.0,meso_neighborhood_opinion_std,meso,0.0508780045531819,0.4704083639003455,0.423718861140147,0.5158594853565528,0.0451970159291202,0.0564022975323562,1.0,24,0.1081571002082782,False,False
secondary_dose_response,deffuant,confidence_bound,mid_minus,0.285,-0.5,meso_neighborhood_opinion_std,meso,0.0177869502155466,0.164454762390026,0.1153421445002358,0.2195250154651538,0.0120499329311359,0.022908209755563,0.875,24,0.1081571002082782,True,False
secondary_dose_response,deffuant,confidence_bound,baseline,0.35,0.0,meso_neighborhood_opinion_std,meso,0.0,0.0,0.0,0.0,0.0,0.0,1.0,24,0.1081571002082782,False,False
secondary_dose_response,deffuant,confidence_bound,mid_plus,0.425,0.5,meso_neighborhood_opinion_std,meso,-0.0242781986408122,-0.2244716120722507,-0.2757191837661961,-0.1771241171891672,-0.0301088864264648,-0.0188399560487073,1.0,24,0.1081571002082782,True,False
secondary_dose_response,deffuant,confidence_bound,plus,0.5,1.0,meso_neighborhood_opinion_std,meso,-0.0808763523127173,-0.7477673879659643,-0.8639010922328892,-0.6292642333262078,-0.0943501103712862,-0.0673704323519891,1.0,24,0.1081571002082782,False,False
secondary_dose_response,deffuant,confidence_bound,minus,0.22,-1.0,meso_neighborhood_opinion_variance,meso,0.0252188083434004,0.5407655409175114,0.4829760063536472,0.6124648894518022,0.021775868295019,0.0286086249345379,1.0,24,0.046635383424417,False,False
secondary_dose_response,deffuant,confidence_bound,mid_minus,0.285,-0.5,meso_neighborhood_opinion_variance,meso,0.0099005164433145,0.2122962376702775,0.1499773407092794,0.2762424531824277,0.0069716135533868,0.0127343090030755,0.9166666666666666,24,0.046635383424417,True,False
secondary_dose_response,deffuant,confidence_bound,baseline,0.35,0.0,meso_neighborhood_opinion_variance,meso,0.0,0.0,0.0,0.0,0.0,0.0,1.0,24,0.046635383424417,False,False
secondary_dose_response,deffuant,confidence_bound,mid_plus,0.425,0.5,meso_neighborhood_opinion_variance,meso,-0.0186344168315939,-0.3995767904813119,-0.482393327040152,-0.320161011441714,-0.0226486967535402,-0.0145117208913647,1.0,24,0.046635383424417,True,False
secondary_dose_response,deffuant,confidence_bound,plus,0.5,1.0,meso_neighborhood_opinion_variance,meso,-0.0487263550116769,-1.0448365904538717,-1.142174665818059,-0.9410208612299176,-0.0532169599594391,-0.044448754624702,1.0,24,0.046635383424417,False,False
secondary_dose_response,deffuant,confidence_bound,minus,0.22,-1.0,micro_accepted_fraction,micro,-0.0744494047619047,-0.8313759904925954,-0.8818970330933867,-0.7826422576366165,-0.0790204613095238,-0.0703891782407407,1.0,24,0.0895496208854829,False,False
secondary_dose_response,deffuant,confidence_bound,mid_minus,0.285,-0.5,micro_accepted_fraction,micro,-0.0226917989417989,-0.2533991625806822,-0.2946983885280985,-0.2120168488868645,-0.0268726438492063,-0.0188775628306878,1.0,24,0.0895496208854829,True,False
secondary_dose_response,deffuant,confidence_bound,baseline,0.35,0.0,micro_accepted_fraction,micro,0.0,0.0,0.0,0.0,0.0,0.0,1.0,24,0.0895496208854829,False,False
secondary_dose_response,deffuant,confidence_bound,mid_plus,0.425,0.5,micro_accepted_fraction,micro,0.0176901455026455,0.1975457330552841,0.1534279861104952,0.2519405110327462,0.0134991319444444,0.0230597718253968,1.0,24,0.0895496208854829,True,False
secondary_dose_response,deffuant,confidence_bound,plus,0.5,1.0,micro_accepted_fraction,micro,0.0574388227513227,0.6414189382753075,0.5519431289713931,0.7276930997512207,0.049661789021164,0.0654114169973545,1.0,24,0.0895496208854829,False,False
secondary_dose_response,schelling,destination_preference,minus,0.3,-1.0,macro_global_connected_components,macro,5.40632183908046,0.6847770407273946,0.5815017875004389,0.7754352023646751,4.560129310344827,6.143793103448275,1.0,24,7.89501037204412,False,False
secondary_dose_response,schelling,destination_preference,mid_minus,0.55,-0.5,macro_global_connected_components,macro,2.2405172413793104,0.2837890181009618,0.1835547514665846,0.3850951824630641,1.36892959770115,3.033146551724138,0.875,24,7.89501037204412,True,False
secondary_dose_response,schelling,destination_preference,baseline,0.8,0.0,macro_global_connected_components,macro,0.0,0.0,0.0,0.0,0.0,0.0,1.0,24,7.89501037204412,False,False
secondary_dose_response,schelling,destination_preference,mid_plus,0.9,0.5,macro_global_connected_components,macro,-0.2152298850574712,-0.027261507574403,-0.1104291241398381,0.0494847318564338,-0.87933908045977,0.4257327586206895,0.5416666666666666,24,7.89501037204412,True,False
secondary_dose_response,schelling,destination_preference,plus,1.0,1.0,macro_global_connected_components,macro,-0.3784482758620689,-0.0479351207950451,-0.1462721830471582,0.0545157357075311,-1.2761063218390802,0.4205316091954022,0.5,24,7.89501037204412,False,False
secondary_dose_response,schelling,destination_preference,minus,0.3,-1.0,macro_global_spatial_neighbor_similarity,macro,-0.0210553083339261,-0.7595975906009625,-0.8419188832479574,-0.6678934686465791,-0.0233789411171043,-0.0184470387681659,1.0,24,0.0277190299106505,False,False
secondary_dose_response,schelling,destination_preference,mid_minus,0.55,-0.5,macro_global_spatial_neighbor_similarity,macro,-0.00728131776831,-0.2626829940218202,-0.3782795799974767,-0.1337579391665722,-0.010740878577076,-0.0037131939739738,0.7916666666666666,24,0.0277190299106505,True,False
secondary_dose_response,schelling,destination_preference,baseline,0.8,0.0,macro_global_spatial_neighbor_similarity,macro,0.0,0.0,0.0,0.0,0.0,0.0,1.0,24,0.0277190299106505,False,False
secondary_dose_response,schelling,destination_preference,mid_plus,0.9,0.5,macro_global_spatial_neighbor_similarity,macro,0.0022171264040291,0.0799857141889814,0.006957653004699,0.1447740233230902,0.0003354263240402,0.0039689731448948,0.6666666666666666,24,0.0277190299106505,True,False
secondary_dose_response,schelling,destination_preference,plus,1.0,1.0,macro_global_spatial_neighbor_similarity,macro,0.0031193930576844,0.1125361554044088,0.0158880945089085,0.2153184996117243,0.0007690457398274,0.0056780379884,0.7083333333333334,24,0.0277190299106505,False,False
secondary_dose_response,schelling,destination_preference,minus,0.3,-1.0,macro_global_unhappy_fraction,macro,0.0173539272030651,0.7223266216165479,0.6684507271990593,0.7693359112540084,0.0161535261015325,0.0186796076787994,1.0,24,0.0240250416968261,False,False
secondary_dose_response,schelling,destination_preference,mid_minus,0.55,-0.5,macro_global_unhappy_fraction,macro,0.0061805555555555,0.2572547275275714,0.2105984446678434,0.3026576286753044,0.0050392720306513,0.0072855104565772,1.0,24,0.0240250416968261,True,False
secondary_dose_response,schelling,destination_preference,baseline,0.8,0.0,macro_global_unhappy_fraction,macro,0.0,0.0,0.0,0.0,0.0,0.0,1.0,24,0.0240250416968261,False,False
secondary_dose_response,schelling,destination_preference,mid_plus,0.9,0.5,macro_global_unhappy_fraction,macro,-0.0016786398467432,-0.0698704238654892,-0.1044542902288673,-0.0325185690625991,-0.002419380587484,-0.0008872725095785,0.8333333333333334,24,0.0240250416968261,True,False
secondary_dose_response,schelling,destination_preference,plus,1.0,1.0,macro_global_unhappy_fraction,macro,-0.0026776021711366,-0.1114504692614282,-0.1446281227431578,-0.0753449360349785,-0.0035244252873563,-0.0017905691251596,0.9166666666666666,24,0.0240250416968261,False,False
secondary_dose_response,schelling,destination_preference,minus,0.3,-1.0,mean_destination_similarity_movers,micro,0.0973502911448403,0.2660373976867243,0.2175723666337766,0.3121984862139957,0.0811172311444387,0.1149060138251637,1.0,24,0.3659270914214714,False,False
secondary_dose_response,schelling,destination_preference,mid_minus,0.55,-0.5,mean_destination_similarity_movers,micro,0.0456181639186611,0.1246646257904928,0.0732419453208138,0.1669720571051599,0.0266357921066147,0.0623017318745869,0.9166666666666666,24,0.3659270914214714,True,False
secondary_dose_response,schelling,destination_preference,baseline,0.8,0.0,mean_destination_similarity_movers,micro,0.0,0.0,0.0,0.0,0.0,0.0,1.0,24,0.3659270914214714,False,False
secondary_dose_response,schelling,destination_preference,mid_plus,0.9,0.5,mean_destination_similarity_movers,micro,-0.0176559028777505,-0.0482497833357044,-0.08757296187878,-0.0074022479668208,-0.030637736841126,-0.0046798217134596,0.625,24,0.3659270914214714,True,False
secondary_dose_response,schelling,destination_preference,plus,1.0,1.0,mean_destination_similarity_movers,micro,-0.0140662320986826,-0.0384399855283776,-0.0822395882304818,0.0025848613366593,-0.0292113821079044,0.0002651802185217,0.625,24,0.3659270914214714,False,False
secondary_dose_response,schelling,destination_preference,minus,0.3,-1.0,meso_district_boundary_fraction_std,meso,0.0047020879517006,0.2088709443577872,-0.2219828840152772,0.632928851462413,-0.0053130667841924,0.0140406217753644,0.4166666666666667,24,0.02251192939333,False,False
secondary_dose_response,schelling,destination_preference,mid_minus,0.55,-0.5,meso_district_boundary_fraction_std,meso,-0.0027382182983321,-0.1216341012131732,-0.464849692735876,0.1959846856557654,-0.0104751369014912,0.0045185153021659,0.5,24,0.02251192939333,True,False
secondary_dose_response,schelling,destination_preference,baseline,0.8,0.0,meso_district_boundary_fraction_std,meso,0.0,0.0,0.0,0.0,0.0,0.0,1.0,24,0.02251192939333,False,False
secondary_dose_response,schelling,destination_preference,mid_plus,0.9,0.5,meso_district_boundary_fraction_std,meso,0.0002028373919422,0.0090102180225532,-0.3156398013892116,0.310193137253045,-0.0057878819893285,0.0072593202607437,0.5833333333333334,24,0.02251192939333,True,False
secondary_dose_response,schelling,destination_preference,plus,1.0,1.0,meso_district_boundary_fraction_std,meso,-0.0015506879689023,-0.0688829438742728,-0.4293506519655794,0.3359002907363742,-0.0101929823798982,0.007511257999019,0.5416666666666666,24,0.02251192939333,False,False
secondary_dose_response,schelling,destination_preference,minus,0.3,-1.0,meso_district_destination_similarity_std,meso,0.0010058010468607,0.3948835471921354,0.3588611744912806,0.4291672492182544,0.0009138128649727,0.0010917373036498,1.0,24,0.0025470826880802,False,False
secondary_dose_response,schelling,destination_preference,mid_minus,0.55,-0.5,meso_district_destination_similarity_std,meso,0.0004351325068089,0.1708356422213165,0.1349209925129371,0.2076574165996002,0.0003328835489885,0.0005381850299075,0.9583333333333334,24,0.0025470826880802,True,False
secondary_dose_response,schelling,destination_preference,baseline,0.8,0.0,meso_district_destination_similarity_std,meso,0.0,0.0,0.0,0.0,0.0,0.0,1.0,24,0.0025470826880802,False,False
secondary_dose_response,schelling,destination_preference,mid_plus,0.9,0.5,meso_district_destination_similarity_std,meso,-0.0001037739236311,-0.0407422672678884,-0.0674055052999261,-0.0150367520264885,-0.0001675162419493,-3.781482930503778e-05,0.8333333333333334,24,0.0025470826880802,True,False
secondary_dose_response,schelling,destination_preference,plus,1.0,1.0,meso_district_destination_similarity_std,meso,-0.0001628900170059,-0.0639516014804947,-0.0927583730266698,-0.0313728992839448,-0.000236041634953,-9.366776835725854e-05,0.7916666666666666,24,0.0025470826880802,False,False
secondary_dose_response,schelling,destination_preference,minus,0.3,-1.0,meso_district_group_entropy_mean,meso,0.0119247247949993,0.2486157230098182,-0.0983052782377638,0.6254710891450724,-0.0050934820397759,0.0290534270353084,0.5833333333333334,24,0.0479644837045498,False,False
secondary_dose_response,schelling,destination_preference,mid_minus,0.55,-0.5,meso_district_group_entropy_mean,meso,-0.0018710285646928,-0.0390086251364238,-0.3409460001805826,0.2993604165274422,-0.0173178600581119,0.0148494907126829,0.5416666666666666,24,0.0479644837045498,True,False
secondary_dose_response,schelling,destination_preference,baseline,0.8,0.0,meso_district_group_entropy_mean,meso,0.0,0.0,0.0,0.0,0.0,0.0,1.0,24,0.0479644837045498,False,False
secondary_dose_response,schelling,destination_preference,mid_plus,0.9,0.5,meso_district_group_entropy_mean,meso,0.0029977281147956,0.0624989134306318,-0.1855987938624642,0.3044639495272312,-0.0092368976046719,0.0149435640662866,0.5,24,0.0479644837045498,True,False
secondary_dose_response,schelling,destination_preference,plus,1.0,1.0,meso_district_group_entropy_mean,meso,0.004099062047208,0.0854603600542711,-0.1287911494449841,0.2976014891343683,-0.0053973082919513,0.0154099671837474,0.6666666666666666,24,0.0479644837045498,False,False
secondary_dose_response,schelling,destination_preference,minus,0.3,-1.0,meso_district_move_distance_std,meso,0.0010063864601777,0.564588359948579,0.5143285474573805,0.6167973892338863,0.0009183918851144,0.0010983291956688,1.0,24,0.001782513653433,False,False
secondary_dose_response,schelling,destination_preference,mid_minus,0.55,-0.5,meso_district_move_distance_std,meso,0.0003819904027077,0.2142987247094037,0.1686107372530815,0.2634500002659571,0.0002992379184663,0.000475120489381,1.0,24,0.001782513653433,True,False
secondary_dose_response,schelling,destination_preference,baseline,0.8,0.0,meso_district_move_distance_std,meso,0.0,0.0,0.0,0.0,0.0,0.0,1.0,24,0.001782513653433,False,False
secondary_dose_response,schelling,destination_preference,mid_plus,0.9,0.5,meso_district_move_distance_std,meso,-0.0001182773862973,-0.0663542666669479,-0.096121363304779,-0.0342449486628827,-0.000167865270681,-6.07682128000482e-05,0.8333333333333334,24,0.001782513653433,True,False
secondary_dose_response,schelling,destination_preference,plus,1.0,1.0,meso_district_move_distance_std,meso,-0.0001610128564386,-0.0903291013387459,-0.1199330855218823,-0.0649226982213226,-0.0002128251950455,-0.0001113383530369,0.9166666666666666,24,0.001782513653433,False,False
secondary_dose_response,schelling,move_probability,minus,0.05,-1.0,macro_global_connected_components,macro,9.472988505747129,1.199870305337477,1.0852864400900044,1.304110994463513,8.614705459770116,10.262737068965516,1.0,24,7.89501037204412,False,False
secondary_dose_response,schelling,move_probability,mid_minus,0.075,-0.5,macro_global_connected_components,macro,3.800862068965517,0.4814258487137903,0.3768493953589508,0.5874427215108954,2.927126436781609,4.564116379310345,0.9583333333333334,24,7.89501037204412,True,False
secondary_dose_response,schelling,move_probability,baseline,0.1,0.0,macro_global_connected_components,macro,0.0,0.0,0.0,0.0,0.0,0.0,1.0,24,7.89501037204412,False,False
secondary_dose_response,schelling,move_probability,mid_plus,0.15,0.5,macro_global_connected_components,macro,-2.4152298850574714,-0.3059185195765787,-0.4384871544237867,-0.1793954607081536,-3.229547413793103,-1.4404382183908049,0.875,24,7.89501037204412,True,False
secondary_dose_response,schelling,move_probability,plus,0.2,1.0,macro_global_connected_components,macro,-2.639080459770115,-0.3342719433422128,-0.4576621126719641,-0.2335499541424191,-3.4573778735632184,-1.796630747126437,0.8333333333333334,24,7.89501037204412,False,False
secondary_dose_response,schelling,move_probability,minus,0.05,-1.0,macro_global_moved_fraction,macro,0.0008329342273307,0.3084241721235088,0.2785201801593536,0.335328158963511,0.0007527139208173,0.0009110692049808,1.0,24,0.0027006126711664,False,False
secondary_dose_response,schelling,move_probability,mid_minus,0.075,-0.5,macro_global_moved_fraction,macro,0.0004286398467432,0.1587194829231665,0.1284238646743311,0.189683821526031,0.0003447876756066,0.0005038813058748,0.9583333333333334,24,0.0027006126711664,True,False
secondary_dose_response,schelling,move_probability,baseline,0.1,0.0,macro_global_moved_fraction,macro,0.0,0.0,0.0,0.0,0.0,0.0,1.0,24,0.0027006126711664,False,False
secondary_dose_response,schelling,move_probability,mid_plus,0.15,0.5,macro_global_moved_fraction,macro,-0.0004972860791826,-0.1841382455514576,-0.2117035635703063,-0.1577330280362837,-0.0005705519636015,-0.0004319823595146,1.0,24,0.0027006126711664,True,False
secondary_dose_response,schelling,move_probability,plus,0.2,1.0,macro_global_moved_fraction,macro,-0.0007527139208173,-0.2787196878892849,-0.302885985324118,-0.2546235876186869,-0.0008160021551724,-0.0006881884578544,1.0,24,0.0027006126711664,False,False
secondary_dose_response,schelling,move_probability,minus,0.05,-1.0,macro_global_spatial_neighbor_similarity,macro,-0.0320407255178578,-1.1559107811903178,-1.2640077359701831,-1.054280201079555,-0.0350218083637248,-0.0295526686457856,1.0,24,0.0277190299106505,False,False
secondary_dose_response,schelling,move_probability,mid_minus,0.075,-0.5,macro_global_spatial_neighbor_similarity,macro,-0.0095064782850214,-0.3429585492589247,-0.4306302665779595,-0.2600776926671467,-0.0119707566059119,-0.0068547996884138,0.9583333333333334,24,0.0277190299106505,True,False
secondary_dose_response,schelling,move_probability,baseline,0.1,0.0,macro_global_spatial_neighbor_similarity,macro,0.0,0.0,0.0,0.0,0.0,0.0,1.0,24,0.0277190299106505,False,False
secondary_dose_response,schelling,move_probability,mid_plus,0.15,0.5,macro_global_spatial_neighbor_similarity,macro,0.0070905013861053,0.2557990452393482,0.1594738584455077,0.3515967365494531,0.0043045099238419,0.0098454122534234,0.875,24,0.0277190299106505,True,False
secondary_dose_response,schelling,move_probability,plus,0.2,1.0,macro_global_spatial_neighbor_similarity,macro,0.0124247599713791,0.4482393507791988,0.3383449438236013,0.5692041517346303,0.0093877220650102,0.0157775580395735,1.0,24,0.0277190299106505,False,False
secondary_dose_response,schelling,move_probability,minus,0.05,-1.0,macro_global_unhappy_fraction,macro,0.0283305395913154,1.1792087584621376,1.1045656829617088,1.25218564197167,0.0264263549648786,0.0300686861430395,1.0,24,0.0240250416968261,False,False
secondary_dose_response,schelling,move_probability,mid_minus,0.075,-0.5,macro_global_unhappy_fraction,macro,0.0098982279693486,0.4119962868017112,0.3532140134758363,0.4684001250498539,0.0082827366698595,0.0111577266922094,1.0,24,0.0240250416968261,True,False
secondary_dose_response,schelling,move_probability,baseline,0.1,0.0,macro_global_unhappy_fraction,macro,0.0,0.0,0.0,0.0,0.0,0.0,1.0,24,0.0240250416968261,False,False
secondary_dose_response,schelling,move_probability,mid_plus,0.15,0.5,macro_global_unhappy_fraction,macro,-0.0073447477650063,-0.3057121755579167,-0.3347667098757342,-0.2689251315993981,-0.0081740900383141,-0.0065548970306513,1.0,24,0.0240250416968261,True,False
secondary_dose_response,schelling,move_probability,plus,0.2,1.0,macro_global_unhappy_fraction,macro,-0.0100866060025542,-0.4198371902882806,-0.448632991403125,-0.3879307765084784,-0.010713132583014,-0.0093672373882503,1.0,24,0.0240250416968261,False,False
secondary_dose_response,schelling,move_probability,minus,0.05,-1.0,meso_district_boundary_fraction_std,meso,-0.0010121440680054,-0.0449603430395151,-0.3618616973548691,0.3239560518292462,-0.0088323435088757,0.0066527202369454,0.5833333333333334,24,0.02251192939333,False,False
secondary_dose_response,schelling,move_probability,mid_minus,0.075,-0.5,meso_district_boundary_fraction_std,meso,0.0002642523752543,0.0117383264062947,-0.4210860241101497,0.4010313237304702,-0.0088862659244631,0.0087472675530067,0.5416666666666666,24,0.02251192939333,True,False
secondary_dose_response,schelling,move_probability,baseline,0.1,0.0,meso_district_boundary_fraction_std,meso,0.0,0.0,0.0,0.0,0.0,0.0,1.0,24,0.02251192939333,False,False
secondary_dose_response,schelling,move_probability,mid_plus,0.15,0.5,meso_district_boundary_fraction_std,meso,-0.0002147843217918,-0.0095409113114717,-0.505733653901213,0.4692682227271242,-0.0119153802682704,0.0104546913921272,0.5,24,0.02251192939333,True,False
secondary_dose_response,schelling,move_probability,plus,0.2,1.0,meso_district_boundary_fraction_std,meso,0.0007004057282631,0.0311126477000534,-0.3544185713357353,0.406554629991306,-0.007849396562249,0.0101075434052367,0.4166666666666667,24,0.02251192939333,False,False
secondary_dose_response,schelling,move_probability,minus,0.05,-1.0,meso_district_destination_similarity_std,meso,0.0010203638048179,0.4006009736523463,0.3638137506178504,0.4333557432938963,0.0009344815660322,0.0011183447189261,1.0,24,0.0025470826880802,False,False
secondary_dose_response,schelling,move_probability,mid_minus,0.075,-0.5,meso_district_destination_similarity_std,meso,0.0005201299791986,0.2042061616738193,0.1717394907323903,0.2351401279836173,0.0004388482791969,0.0005857009776178,1.0,24,0.0025470826880802,True,False
secondary_dose_response,schelling,move_probability,baseline,0.1,0.0,meso_district_destination_similarity_std,meso,0.0,0.0,0.0,0.0,0.0,0.0,1.0,24,0.0025470826880802,False,False
secondary_dose_response,schelling,move_probability,mid_plus,0.15,0.5,meso_district_destination_similarity_std,meso,-0.0005133260383286,-0.2015348935199063,-0.2299936558166602,-0.1722985098681533,-0.0005797888779865,-0.0004444275301777,1.0,24,0.0025470826880802,True,False
secondary_dose_response,schelling,move_probability,plus,0.2,1.0,meso_district_destination_similarity_std,meso,-0.0008004949516023,-0.314279137991264,-0.3373933679152254,-0.2894738630880677,-0.0008623391096052,-0.0007385261695468,1.0,24,0.0025470826880802,False,False
secondary_dose_response,schelling,move_probability,minus,0.05,-1.0,meso_district_move_fraction_std,meso,0.0013501943433683,0.4231921988102629,0.3793687665975578,0.4676961648012964,0.0012026264687505,0.0015007240958749,1.0,24,0.0031904991329334,False,False
secondary_dose_response,schelling,move_probability,mid_minus,0.075,-0.5,meso_district_move_fraction_std,meso,0.0006877920350303,0.2155750578117067,0.181835846375557,0.2517063812935544,0.0005661183654968,0.0007999200502508,0.9583333333333334,24,0.0031904991329334,True,False
secondary_dose_response,schelling,move_probability,baseline,0.1,0.0,meso_district_move_fraction_std,meso,0.0,0.0,0.0,0.0,0.0,0.0,1.0,24,0.0031904991329334,False,False
secondary_dose_response,schelling,move_probability,mid_plus,0.15,0.5,meso_district_move_fraction_std,meso,-0.0006680010675937,-0.209371963370358,-0.2366852126441583,-0.1810116744403913,-0.0007606641404353,-0.0005714334779838,1.0,24,0.0031904991329334,True,False
secondary_dose_response,schelling,move_probability,plus,0.2,1.0,meso_district_move_fraction_std,meso,-0.0010177498055233,-0.3189939138418252,-0.3459620512643433,-0.2894249654703509,-0.0011062651179178,-0.0009293024168765,1.0,24,0.0031904991329334,False,False
secondary_dose_response,schelling,move_probability,minus,0.05,-1.0,meso_district_neighbour_count_std,meso,-0.0129424095090742,-0.1922588241183474,-0.5756458957054166,0.197403716312486,-0.0360335756389044,0.0114499748950988,0.5,24,0.0673176358402536,False,False
secondary_dose_response,schelling,move_probability,mid_minus,0.075,-0.5,meso_district_neighbour_count_std,meso,0.0094439636299355,0.1402895914578206,-0.3484006774592605,0.6524563267181358,-0.0213515079615492,0.0467781586857558,0.4166666666666667,24,0.0673176358402536,True,False
secondary_dose_response,schelling,move_probability,baseline,0.1,0.0,meso_district_neighbour_count_std,meso,0.0,0.0,0.0,0.0,0.0,0.0,1.0,24,0.0673176358402536,False,False
secondary_dose_response,schelling,move_probability,mid_plus,0.15,0.5,meso_district_neighbour_count_std,meso,-0.0307706280496114,-0.4570960887965659,-1.0224038608601345,0.1625938742578257,-0.0672143772992433,0.0083844975702153,0.6666666666666666,24,0.0673176358402536,True,False
secondary_dose_response,schelling,move_probability,plus,0.2,1.0,meso_district_neighbour_count_std,meso,0.0011403980724966,0.0169405544069146,-0.5950354137608199,0.6728521320192874,-0.0364789346879971,0.0447506748274662,0.5,24,0.0673176358402536,False,False
secondary_dose_response,schelling,move_probability,minus,0.05,-1.0,meso_district_unhappy_fraction_std,meso,0.009602782956124,1.0294166904980202,0.8963881750845168,1.1730349071255122,0.0082252112142243,0.0111121944684429,1.0,24,0.0093283730920259,False,False
secondary_dose_response,schelling,move_probability,mid_minus,0.075,-0.5,meso_district_unhappy_fraction_std,meso,0.0037311375410487,0.3999773062505598,0.3163936340674704,0.4777542834688214,0.0029727276230651,0.0044597380896344,0.9583333333333334,24,0.0093283730920259,True,False
secondary_dose_response,schelling,move_probability,baseline,0.1,0.0,meso_district_unhappy_fraction_std,meso,0.0,0.0,0.0,0.0,0.0,0.0,1.0,24,0.0093283730920259,False,False
secondary_dose_response,schelling,move_probability,mid_plus,0.15,0.5,meso_district_unhappy_fraction_std,meso,-0.0035614031107742,-0.3817818043554228,-0.4348718703382925,-0.3197054947718234,-0.0040612416182527,-0.003036083123609,1.0,24,0.0093283730920259,True,False
secondary_dose_response,schelling,move_probability,plus,0.2,1.0,meso_district_unhappy_fraction_std,meso,-0.0050623453487219,-0.5426825555518784,-0.5995244682454265,-0.4946718826430435,-0.0055656586344543,-0.0045784064257561,1.0,24,0.0093283730920259,False,False
secondary_dose_response,schelling,move_probability,minus,0.05,-1.0,moved_fraction,micro,0.0008329342273307,0.3084241721235088,0.2805632870973543,0.3367431860109872,0.0007556573275862,0.0009075870051085,1.0,24,0.0027006126711664,False,False
secondary_dose_response,schelling,move_probability,mid_minus,0.075,-0.5,moved_fraction,micro,0.0004286398467432,0.1587194829231665,0.1246295232180441,0.1873192854675852,0.0003380427841634,0.0005192568646232,0.9583333333333334,24,0.0027006126711664,True,False
secondary_dose_response,schelling,move_probability,baseline,0.1,0.0,moved_fraction,micro,0.0,0.0,0.0,0.0,0.0,0.0,1.0,24,0.0027006126711664,False,False
secondary_dose_response,schelling,move_probability,mid_plus,0.15,0.5,moved_fraction,micro,-0.0004972860791826,-0.1841382455514576,-0.2112602130593478,-0.1578327819012493,-0.0005699632822477,-0.0004268338920817,1.0,24,0.0027006126711664,True,False
secondary_dose_response,schelling,move_probability,plus,0.2,1.0,moved_fraction,micro,-0.0007527139208173,-0.2787196878892849,-0.3025904183168123,-0.2554955102902387,-0.0008198235951468,-0.0006884578544061,1.0,24,0.0027006126711664,False,False
secondary_dose_response,schelling,move_probability,minus,0.05,-1.0,relocation_response_fraction,micro,-0.007551773675867,-0.054656419946045,-0.1041043715215357,-0.0162845193450002,-0.0138332017714521,-0.0016450667917655,0.5833333333333334,24,0.1381680996179753,False,False
secondary_dose_response,schelling,move_probability,mid_minus,0.075,-0.5,relocation_response_fraction,micro,0.0073473949999628,0.0531772168849241,0.0204194694261311,0.0912574165531529,0.0026210076840695,0.0119975130579323,0.6666666666666666,24,0.1381680996179753,True,False
secondary_dose_response,schelling,move_probability,baseline,0.1,0.0,relocation_response_fraction,micro,0.0,0.0,0.0,0.0,0.0,0.0,1.0,24,0.1381680996179753,False,False
secondary_dose_response,schelling,move_probability,mid_plus,0.15,0.5,relocation_response_fraction,micro,-0.0048759575901283,-0.0352900387543147,-0.0652964753316751,-0.0061037270343533,-0.0095149988663768,-0.0005421755817125,0.7083333333333334,24,0.1381680996179753,True,False
secondary_dose_response,schelling,move_probability,plus,0.2,1.0,relocation_response_fraction,micro,-0.0076828453700274,-0.0556050592811938,-0.1016491182260139,-0.0086135318055353,-0.0141953900787738,-0.0009704616903851,0.625,24,0.1381680996179753,False,False
secondary_dose_response,schelling,tolerance,minus,0.4,-1.0,macro_global_connected_components,macro,13.42212643678161,1.700077112540442,1.5131838273191685,1.933491487089117,11.683685344827587,15.088017241379312,1.0,24,7.89501037204412,False,False
secondary_dose_response,schelling,tolerance,mid_minus,0.475,-0.5,macro_global_connected_components,macro,4.566666666666666,0.578424403701486,0.4572890413066268,0.6846041539971164,3.602557471264368,5.555840517241379,0.9166666666666666,24,7.89501037204412,True,False
secondary_dose_response,schelling,tolerance,baseline,0.55,0.0,macro_global_connected_components,macro,0.0,0.0,0.0,0.0,0.0,0.0,1.0,24,7.89501037204412,False,False
secondary_dose_response,schelling,tolerance,mid_plus,0.625,0.5,macro_global_connected_components,macro,-0.7241379310344827,-0.091720960063412,-0.163133188900085,-0.0293534370107699,-1.2592025862068963,-0.2503951149425288,0.625,24,7.89501037204412,True,False
secondary_dose_response,schelling,tolerance,plus,0.7,1.0,macro_global_connected_components,macro,-1.1362068965517242,-0.1439145540042584,-0.2300276144955393,-0.0517095110960673,-1.7230028735632184,-0.5489583333333334,0.6666666666666666,24,7.89501037204412,False,False
secondary_dose_response,schelling,tolerance,minus,0.4,-1.0,macro_global_moved_fraction,macro,-0.0005707215836526,-0.2113304102235829,-0.2333501522678583,-0.1887121449895134,-0.0006358556832694,-0.000509847940613,1.0,24,0.0027006126711664,False,False
secondary_dose_response,schelling,tolerance,mid_minus,0.475,-0.5,macro_global_moved_fraction,macro,-0.0003863346104725,-0.1430544315359638,-0.1615273694925707,-0.1240605567289806,-0.0004384678320561,-0.0003296416028097,1.0,24,0.0027006126711664,True,False
secondary_dose_response,schelling,tolerance,baseline,0.55,0.0,macro_global_moved_fraction,macro,0.0,0.0,0.0,0.0,0.0,0.0,1.0,24,0.0027006126711664,False,False
secondary_dose_response,schelling,tolerance,mid_plus,0.625,0.5,macro_global_moved_fraction,macro,0.0006872605363984,0.2544831932902167,0.2221814139792938,0.2895078836559433,0.0005960548371647,0.0007784861909323,1.0,24,0.0027006126711664,True,False
secondary_dose_response,schelling,tolerance,plus,0.7,1.0,macro_global_moved_fraction,macro,0.0016183748403575,0.5992621073123279,0.5436437857125758,0.6633964533100757,0.0014744671934865,0.0017871667464878,1.0,24,0.0027006126711664,False,False
secondary_dose_response,schelling,tolerance,minus,0.4,-1.0,macro_global_spatial_neighbor_similarity,macro,-0.092582317409084,-3.340027328067169,-3.5455332969010973,-3.1454520789927227,-0.0976946524279278,-0.0874914685881293,1.0,24,0.0277190299106505,False,False
secondary_dose_response,schelling,tolerance,mid_minus,0.475,-0.5,macro_global_spatial_neighbor_similarity,macro,-0.041754421815881,-1.506344989361901,-1.654009671423886,-1.3624274165039856,-0.0453355806302828,-0.0379101244760324,1.0,24,0.0277190299106505,True,False
secondary_dose_response,schelling,tolerance,baseline,0.55,0.0,macro_global_spatial_neighbor_similarity,macro,0.0,0.0,0.0,0.0,0.0,0.0,1.0,24,0.0277190299106505,False,False
secondary_dose_response,schelling,tolerance,mid_plus,0.625,0.5,macro_global_spatial_neighbor_similarity,macro,0.0228649397619443,0.8248823943567704,0.7543273710668004,0.896362778620615,0.0210422339514947,0.0247677223480532,1.0,24,0.0277190299106505,True,False
secondary_dose_response,schelling,tolerance,plus,0.7,1.0,macro_global_spatial_neighbor_similarity,macro,0.0320349674857281,1.1557030527038508,1.099906515614077,1.217246231108989,0.0302721601112961,0.0337063958954057,1.0,24,0.0277190299106505,False,False
secondary_dose_response,schelling,tolerance,minus,0.4,-1.0,macro_global_unhappy_fraction,macro,-0.0057143997445721,-0.2378518138150438,-0.2630614813702205,-0.209092559284247,-0.006303290628991,-0.0050325570721583,1.0,24,0.0240250416968261,False,False
secondary_dose_response,schelling,tolerance,mid_minus,0.475,-0.5,macro_global_unhappy_fraction,macro,-0.0039998403575989,-0.1664863024203358,-0.1969453884114361,-0.1343273849689322,-0.0047830759099616,-0.0032713920817369,0.9583333333333334,24,0.0240250416968261,True,False
secondary_dose_response,schelling,tolerance,baseline,0.55,0.0,macro_global_unhappy_fraction,macro,0.0,0.0,0.0,0.0,0.0,0.0,1.0,24,0.0240250416968261,False,False
secondary_dose_response,schelling,tolerance,mid_plus,0.625,0.5,macro_global_unhappy_fraction,macro,0.0068742017879948,0.2861265289251511,0.2295245915793869,0.3412558050546349,0.0054616758461047,0.0083082096104725,0.9583333333333334,24,0.0240250416968261,True,False
secondary_dose_response,schelling,tolerance,plus,0.7,1.0,macro_global_unhappy_fraction,macro,0.0163629469987228,0.6810788178937687,0.5981645859400289,0.7615818059045518,0.0144603887292464,0.0183513829022988,1.0,24,0.0240250416968261,False,False
secondary_dose_response,schelling,tolerance,minus,0.4,-1.0,meso_district_boundary_fraction_std,meso,0.0092054343703485,0.4089136124012538,0.0138341547969073,0.8156922430392994,-0.000433204570638,0.0178791863633064,0.5833333333333334,24,0.02251192939333,False,False
secondary_dose_response,schelling,tolerance,mid_minus,0.475,-0.5,meso_district_boundary_fraction_std,meso,0.0124930021175189,0.5549503065348289,0.1715389676736815,1.023918382789474,0.002485147267465,0.0230406243132201,0.6666666666666666,24,0.02251192939333,True,False
secondary_dose_response,schelling,tolerance,baseline,0.55,0.0,meso_district_boundary_fraction_std,meso,0.0,0.0,0.0,0.0,0.0,0.0,1.0,24,0.02251192939333,False,False
secondary_dose_response,schelling,tolerance,mid_plus,0.625,0.5,meso_district_boundary_fraction_std,meso,-0.0171484468523682,-0.7617493175617827,-1.2348460991460015,-0.3622354541354318,-0.0274527870417938,-0.0081934706216408,0.7083333333333334,24,0.02251192939333,True,False
secondary_dose_response,schelling,tolerance,plus,0.7,1.0,meso_district_boundary_fraction_std,meso,-0.0275555324037116,-1.22404134813411,-1.578271643137582,-0.8962382729003389,-0.0357132831146709,-0.0199541086703666,0.9166666666666666,24,0.02251192939333,False,False
secondary_dose_response,schelling,tolerance,minus,0.4,-1.0,meso_district_destination_similarity_std,meso,-0.0004755700593089,-0.1867116688180139,-0.2085101747129018,-0.1607454914822682,-0.000545202680456,-0.0004073221145781,1.0,24,0.0025470826880802,False,False
secondary_dose_response,schelling,tolerance,mid_minus,0.475,-0.5,meso_district_destination_similarity_std,meso,-0.0003420750041938,-0.1343007063707185,-0.1571446901153369,-0.1146596188697425,-0.0003987235754512,-0.0002822395604243,1.0,24,0.0025470826880802,True,False
secondary_dose_response,schelling,tolerance,baseline,0.55,0.0,meso_district_destination_similarity_std,meso,0.0,0.0,0.0,0.0,0.0,0.0,1.0,24,0.0025470826880802,False,False
secondary_dose_response,schelling,tolerance,mid_plus,0.625,0.5,meso_district_destination_similarity_std,meso,0.0005335388663738,0.2094705715172393,0.1703359172410351,0.2538000067493691,0.0004197610305918,0.0006335193051642,0.9583333333333334,24,0.0025470826880802,True,False
secondary_dose_response,schelling,tolerance,plus,0.7,1.0,meso_district_destination_similarity_std,meso,0.0011913635572829,0.4677365061048974,0.4240934148377945,0.510255229656805,0.0010823415314778,0.0013041910365246,1.0,24,0.0025470826880802,False,False
secondary_dose_response,schelling,tolerance,minus,0.4,-1.0,meso_district_group_entropy_mean,meso,0.0460486373999708,0.96005698056962,0.7066639926971225,1.2236194876915345,0.0329716408381067,0.059512441314039,1.0,24,0.0479644837045498,False,False
secondary_dose_response,schelling,tolerance,mid_minus,0.475,-0.5,meso_district_group_entropy_mean,meso,0.0276836439940379,0.5771696442009635,0.3514017871273059,0.7959483762588474,0.0176173002173572,0.0385254144917413,0.8333333333333334,24,0.0479644837045498,True,False
secondary_dose_response,schelling,tolerance,baseline,0.55,0.0,meso_district_group_entropy_mean,meso,0.0,0.0,0.0,0.0,0.0,0.0,1.0,24,0.0479644837045498,False,False
secondary_dose_response,schelling,tolerance,mid_plus,0.625,0.5,meso_district_group_entropy_mean,meso,-0.0041484013812552,-0.0864890239788351,-0.3908678198445746,0.157022873969205,-0.0163926489377893,0.0083505968014671,0.5833333333333334,24,0.0479644837045498,True,False
secondary_dose_response,schelling,tolerance,plus,0.7,1.0,meso_district_group_entropy_mean,meso,-0.012329127303898,-0.2570470137830029,-0.5972546003701762,0.0903766278789513,-0.0306982847420399,0.0071229188630652,0.5833333333333334,24,0.0479644837045498,False,False
secondary_dose_response,schelling,tolerance,minus,0.4,-1.0,meso_district_move_fraction_std,meso,-0.0006681202107377,-0.2094093064753485,-0.2376721239789504,-0.1812329906238803,-0.0007574925986165,-0.0005808302918703,1.0,24,0.0031904991329334,False,False
secondary_dose_response,schelling,tolerance,mid_minus,0.475,-0.5,meso_district_move_fraction_std,meso,-0.0004634082553868,-0.1452463191741376,-0.1681193166098878,-0.1199245433391812,-0.0005361799446351,-0.0003849126785278,1.0,24,0.0031904991329334,True,False
secondary_dose_response,schelling,tolerance,baseline,0.55,0.0,meso_district_move_fraction_std,meso,0.0,0.0,0.0,0.0,0.0,0.0,1.0,24,0.0031904991329334,False,False
secondary_dose_response,schelling,tolerance,mid_plus,0.625,0.5,meso_district_move_fraction_std,meso,0.0007727954295039,0.2422177212107369,0.1952470033580903,0.2846440830243045,0.0006149150247497,0.0009101661709372,0.9583333333333334,24,0.0031904991329334,True,False
secondary_dose_response,schelling,tolerance,plus,0.7,1.0,meso_district_move_fraction_std,meso,0.0016722603601834,0.5241375378923621,0.4654172320692289,0.5824004710747369,0.0014876833482817,0.0018769889069148,1.0,24,0.0031904991329334,False,False
secondary_dose_response,schelling,tolerance,minus,0.4,-1.0,meso_district_unhappy_fraction_std,meso,-0.0025200305223043,-0.2701468409811503,-0.3185853868280974,-0.214673122641688,-0.0029990300999584,-0.0020467687025173,1.0,24,0.0093283730920259,False,False
secondary_dose_response,schelling,tolerance,mid_minus,0.475,-0.5,meso_district_unhappy_fraction_std,meso,-0.0019850723069138,-0.2127994117871081,-0.2862569100368012,-0.1436862761740249,-0.0026317394818528,-0.0013552748709792,0.8333333333333334,24,0.0093283730920259,True,False
secondary_dose_response,schelling,tolerance,baseline,0.55,0.0,meso_district_unhappy_fraction_std,meso,0.0,0.0,0.0,0.0,0.0,0.0,1.0,24,0.0093283730920259,False,False
secondary_dose_response,schelling,tolerance,mid_plus,0.625,0.5,meso_district_unhappy_fraction_std,meso,0.0030041966286651,0.3220493647743544,0.2326963482995644,0.4190482072735284,0.0021209201685751,0.0039300794141165,0.875,24,0.0093283730920259,True,False
secondary_dose_response,schelling,tolerance,plus,0.7,1.0,meso_district_unhappy_fraction_std,meso,0.0076558318772563,0.820703867837438,0.703548759495544,0.9415662245986658,0.0065272577454787,0.0089193239092925,1.0,24,0.0093283730920259,False,False
secondary_dose_response,schelling,tolerance,minus,0.4,-1.0,unhappy_fraction,micro,-0.0057143997445721,-0.2378518138150438,-0.2660678532102245,-0.2108380739746098,-0.0062838741219667,-0.0050602550287356,1.0,24,0.0240250416968261,False,False
secondary_dose_response,schelling,tolerance,mid_minus,0.475,-0.5,unhappy_fraction,micro,-0.0039998403575989,-0.1664863024203358,-0.1962136261263018,-0.1377108511079725,-0.0047317907886334,-0.0032722102490421,0.9583333333333334,24,0.0240250416968261,True,False
secondary_dose_response,schelling,tolerance,baseline,0.55,0.0,unhappy_fraction,micro,0.0,0.0,0.0,0.0,0.0,0.0,1.0,24,0.0240250416968261,False,False
secondary_dose_response,schelling,tolerance,mid_plus,0.625,0.5,unhappy_fraction,micro,0.0068742017879948,0.2861265289251511,0.2358276314213182,0.3422558524908457,0.0056203603927203,0.008140784642401,0.9583333333333334,24,0.0240250416968261,True,False
secondary_dose_response,schelling,tolerance,plus,0.7,1.0,unhappy_fraction,micro,0.0163629469987228,0.6810788178937687,0.6053526345388395,0.7630004778489439,0.0145052282886334,0.0182583213601532,1.0,24,0.0240250416968261,False,False
