scenario,parameter,micro,meso,macro,primary_path_direction,minus_micro_effect,minus_micro_ci_low,minus_micro_ci_high,minus_micro_onset,minus_micro_significant,minus_micro_effect_sign,minus_meso_effect,minus_meso_ci_low,minus_meso_ci_high,minus_meso_onset,minus_meso_significant,minus_meso_effect_sign,minus_macro_effect,minus_macro_ci_low,minus_macro_ci_high,minus_macro_onset,minus_macro_significant,minus_macro_effect_sign,plus_micro_effect,plus_micro_ci_low,plus_micro_ci_high,plus_micro_onset,plus_micro_significant,plus_micro_effect_sign,plus_meso_effect,plus_meso_ci_low,plus_meso_ci_high,plus_meso_onset,plus_meso_significant,plus_meso_effect_sign,plus_macro_effect,plus_macro_ci_low,plus_macro_ci_high,plus_macro_onset,plus_macro_significant,plus_macro_effect_sign
deffuant,confidence_bound,micro_accepted_fraction,meso_neighborhood_opinion_std,macro_opinion_global_variance,plus,-0.8313759904925954,-0.8863574602793697,-0.7870177506818334,0,True,-1,0.4704083639003456,0.4211920654724271,0.5240086812699798,7,True,1,0.585817966945072,0.4461161409436543,0.7390446713943456,4,True,1,0.6414189382753075,0.5499864125436397,0.7279668277157543,0,True,1,-0.7477673879659644,-0.864580651248728,-0.6267136451383478,2,True,-1,-3.882337048841469,-4.148810588484695,-3.605770184418265,2,True,-1
deffuant,confidence_bound,micro_accepted_fraction,meso_neighborhood_opinion_variance,macro_opinion_global_variance,minus,-0.8313759904925954,-0.8863574602793697,-0.7870177506818334,0,True,-1,0.5407655409175115,0.4701738054082682,0.6144827277630114,4,True,1,0.585817966945072,0.4461161409436543,0.7390446713943456,4,True,1,0.6414189382753075,0.5499864125436397,0.7279668277157543,0,True,1,-1.044836590453872,-1.1349283934456138,-0.948312618580689,2,True,-1,-3.882337048841469,-4.148810588484695,-3.605770184418265,2,True,-1
deffuant,confidence_bound,micro_accepted_fraction,meso_neighborhood_interaction_distance_variance,macro_network_largest_component_fraction,plus,-0.8313759904925954,-0.8863574602793697,-0.7870177506818334,0,True,-1,0.4650846464834515,0.4003245138648106,0.5360185084079491,18,True,1,0.1301630772845722,0.0,0.5206523091382892,-1,False,1,0.6414189382753075,0.5499864125436397,0.7279668277157543,0,True,1,-1.160079972545697,-1.2518345166157054,-1.060150436977693,3,True,-1,0.1301630772845722,0.0,0.3904892318537168,-1,False,1
deffuant,confidence_bound,micro_accepted_fraction,meso_neighborhood_interaction_distance_std,macro_network_largest_component_fraction,minus,-0.8313759904925954,-0.8863574602793697,-0.7870177506818334,0,True,-1,0.4279667886183276,0.3830572195876423,0.474612703838802,28,True,1,0.1301630772845722,0.0,0.5206523091382892,-1,False,1,0.6414189382753075,0.5499864125436397,0.7279668277157543,0,True,1,-0.8782269156297401,-0.9883634779986892,-0.7678247272075176,3,True,-1,0.1301630772845722,0.0,0.3904892318537168,-1,False,1
deffuant,confidence_bound,micro_accepted_fraction,meso_neighborhood_abs_opinion_std,macro_opinion_global_mean,plus,-0.8313759904925954,-0.8863574602793697,-0.7870177506818334,0,True,-1,1.2739810080945135,1.1592525322383471,1.389303676678935,1,True,1,-0.016882032920097,-0.1919129665573011,0.1386042256087735,-1,False,-1,0.6414189382753075,0.5499864125436397,0.7279668277157543,0,True,1,0.5441427942512459,0.3332828823154872,0.7215435621782608,13,True,1,-0.0432673111149757,-0.2355974160113894,0.1562633359119556,-1,False,-1
deffuant,confidence_bound,micro_accepted_fraction,meso_neighborhood_abs_opinion_variance,macro_network_assortativity,minus,-0.8313759904925954,-0.8863574602793697,-0.7870177506818334,0,True,-1,1.7788837381893383,1.5838338435657806,2.0063733655078466,1,True,1,-0.2240428631534536,-0.2499819611564405,-0.1989106922832414,16,True,-1,0.6414189382753075,0.5499864125436397,0.7279668277157543,0,True,1,0.5402749979139813,0.3551608472097691,0.6883895891183991,13,True,1,-0.8618955405235112,-1.2402702495824554,-0.5517841887687043,41,True,-1
deffuant,assimilation_strength,micro_mean_abs_agent_shift,meso_neighborhood_opinion_std,macro_opinion_global_variance,plus,-0.0862345684606112,-0.1257512251110135,-0.0468194511305337,0,False,-1,0.2054652532642656,0.1788819575825285,0.2358584384231351,23,True,1,0.0156295426397383,-0.1066677548746304,0.1132973202231658,9,False,1,0.2127103551405639,0.1401369308709358,0.2885972481906343,0,True,1,-0.0592485619012456,-0.1033855945641064,-0.0173088197156137,-1,False,-1,-0.0215210923173224,-0.2014747529953962,0.1251762662354331,-1,False,-1
deffuant,assimilation_strength,micro_mean_abs_agent_shift,meso_neighborhood_opinion_variance,macro_opinion_global_variance,minus,-0.0862345684606112,-0.1257512251110135,-0.0468194511305337,0,False,-1,0.1491503226741312,0.1132195989774712,0.1848934589566899,7,True,1,0.0156295426397383,-0.1066677548746304,0.1132973202231658,9,False,1,0.2127103551405639,0.1401369308709358,0.2885972481906343,0,True,1,-0.0518915241680771,-0.1169871303278685,0.0060219716219379,-1,False,-1,-0.0215210923173224,-0.2014747529953962,0.1251762662354331,-1,False,-1
deffuant,assimilation_strength,micro_mean_abs_agent_shift,meso_neighborhood_agent_shift_std,macro_opinion_global_mean,plus,-0.0862345684606112,-0.1257512251110135,-0.0468194511305337,0,False,-1,-0.127388057277158,-0.1707296245338767,-0.084828890138704,0,False,-1,0.0522606799435477,-0.0501004554464094,0.1405940765664497,-1,False,1,0.2127103551405639,0.1401369308709358,0.2885972481906343,0,True,1,0.2616147051366791,0.1789115346143616,0.3539872589023216,0,True,1,0.1048786282602606,-0.0241169997512693,0.233716534558814,-1,False,1
deffuant,assimilation_strength,micro_mean_abs_agent_shift,meso_neighborhood_abs_opinion_variance,macro_network_largest_component_fraction,minus,-0.0862345684606112,-0.1257512251110135,-0.0468194511305337,0,False,-1,0.8048526616099485,0.6850677674668618,0.9355379940014072,1,True,1,0.1301630772845722,0.0,0.3904892318537168,-1,False,1,0.2127103551405639,0.1401369308709358,0.2885972481906343,0,True,1,-0.2392761592170874,-0.3274475914321268,-0.1563537006518957,2,True,-1,0.0392555312445535,-0.0433876924281907,0.1611542861618514,-1,False,1
deffuant,assimilation_strength,micro_mean_abs_agent_shift,meso_neighborhood_interaction_distance_std,macro_network_assortativity,plus,-0.0862345684606112,-0.1257512251110135,-0.0468194511305337,0,False,-1,0.1115657932388304,0.0837066039616987,0.1380631168011435,-1,False,1,-0.0862291596661703,-0.1062066472691062,-0.0671288173568438,-1,False,-1,0.2127103551405639,0.1401369308709358,0.2885972481906343,0,True,1,-0.0477715322882395,-0.1007531772982446,-0.0019977813256046,-1,False,-1,0.0324873884309337,0.0111392577674358,0.0536491310487703,-1,False,1
deffuant,assimilation_strength,micro_mean_abs_agent_shift,meso_neighborhood_abs_opinion_std,macro_opinion_global_mean,minus,-0.0862345684606112,-0.1257512251110135,-0.0468194511305337,0,False,-1,0.8449205169425184,0.7545349662418402,0.9437898248274426,2,True,1,0.0522606799435477,-0.0501004554464094,0.1405940765664497,-1,False,1,0.2127103551405639,0.1401369308709358,0.2885972481906343,0,True,1,-0.2549430363466989,-0.3225377483525131,-0.1882421109948128,3,True,-1,0.1048786282602606,-0.0241169997512693,0.233716534558814,-1,False,1
deffuant,backfire_threshold,micro_backfire_fraction,meso_neighborhood_opinion_variance,macro_opinion_global_variance,plus,0.084013836920408,0.0540298930965775,0.1199683773499014,0,False,1,0.153541797345537,0.1022374026984186,0.1982395997146625,7,True,1,0.497973207034166,0.388960414510913,0.5848562848008281,8,True,1,-0.4870857469652804,-0.5725423629451412,-0.4094447828494177,0,True,-1,-0.4314048539214258,-0.4724966032805454,-0.3861231758890774,4,True,-1,-1.5591775568332875,-1.6634751769245186,-1.4543934569284034,5,True,-1
deffuant,backfire_threshold,micro_backfire_fraction,meso_neighborhood_opinion_std,macro_opinion_global_variance,minus,0.084013836920408,0.0540298930965775,0.1199683773499014,0,False,1,0.0785322810031028,0.0375550886364178,0.1163586848169745,13,False,1,0.497973207034166,0.388960414510913,0.5848562848008281,8,True,1,-0.4870857469652804,-0.5725423629451412,-0.4094447828494177,0,True,-1,-0.2347132699482915,-0.2691617337596106,-0.1963847982817632,6,True,-1,-1.5591775568332875,-1.6634751769245186,-1.4543934569284034,5,True,-1
deffuant,backfire_threshold,micro_backfire_fraction,meso_neighborhood_interaction_distance_variance,macro_network_largest_component_fraction,plus,0.084013836920408,0.0540298930965775,0.1199683773499014,0,False,1,0.1624797742020991,0.1005320877873227,0.2147406401376494,8,True,1,0.102270989295021,-0.0836762639686536,0.3904892318537168,-1,False,1,-0.4870857469652804,-0.5725423629451412,-0.4094447828494177,0,True,-1,-0.474459130682909,-0.5164128000332701,-0.4296471257518069,5,True,-1,0.1301630772845722,0.0,0.3904892318537168,-1,False,1
deffuant,backfire_threshold,micro_backfire_fraction,meso_neighborhood_interaction_distance_std,macro_network_assortativity,minus,0.084013836920408,0.0540298930965775,0.1199683773499014,0,False,1,0.0802655920269371,0.0319972115017273,0.123571333572998,11,False,1,0.0123667882452513,-0.007392418932585,0.0295840487470816,-1,False,1,-0.4870857469652804,-0.5725423629451412,-0.4094447828494177,0,True,-1,-0.2618982167764531,-0.2965485536263043,-0.224703851520341,7,True,-1,-0.0422863610710013,-0.0633374760033047,-0.0233184037482676,-1,False,-1
deffuant,backfire_threshold,micro_backfire_fraction,meso_neighborhood_agent_shift_std,macro_opinion_global_mean,plus,0.084013836920408,0.0540298930965775,0.1199683773499014,0,False,1,-0.0432400345416868,-0.0883690093259785,0.0146451561732007,-1,False,-1,-0.046454595793415,-0.1002196697878663,0.0157784622798209,-1,False,-1,-0.4870857469652804,-0.5725423629451412,-0.4094447828494177,0,True,-1,-0.0640640645111414,-0.1562046987506626,0.0092323087955848,-1,False,-1,-0.0809022014515266,-0.1477258898720073,-0.0205259692973774,-1,False,-1
deffuant,backfire_threshold,micro_backfire_fraction,meso_neighborhood_abs_opinion_std,macro_network_assortativity,minus,0.084013836920408,0.0540298930965775,0.1199683773499014,0,False,1,-0.087379764038482,-0.1424192999774838,-0.0202304375618359,35,False,-1,0.0123667882452513,-0.007392418932585,0.0295840487470816,-1,False,1,-0.4870857469652804,-0.5725423629451412,-0.4094447828494177,0,True,-1,0.0659603531112091,0.0020163355855835,0.1307154636178353,-1,False,1,-0.0422863610710013,-0.0633374760033047,-0.0233184037482676,-1,False,-1
schelling,tolerance,unhappy_fraction,meso_district_move_fraction_std,macro_global_moved_fraction,plus,-0.2378518138150472,-0.2642384474973926,-0.2111196487926157,0,True,-1,-0.2094093064753491,-0.2356034066429703,-0.1828366304614064,0,True,-1,-0.2113304102235822,-0.234321828804375,-0.1873894826318197,0,True,-1,0.6810788178937784,0.5982559524001566,0.7600734287084175,0,True,1,0.5241375378923637,0.4639468155928706,0.5770809105276108,0,True,1,0.5992621073123257,0.5394799854971547,0.6570528464157745,0,True,1
schelling,tolerance,unhappy_fraction,meso_district_boundary_fraction_std,macro_global_spatial_neighbor_similarity,plus,-0.2378518138150472,-0.2642384474973926,-0.2111196487926157,0,True,-1,0.4089136124012554,-0.0121962396193545,0.8138332730507886,3,False,1,-3.340027328067182,-3.524242623605605,-3.13259771870469,1,True,-1,0.6810788178937784,0.5982559524001566,0.7600734287084175,0,True,1,-1.2240413481341144,-1.6102912209955065,-0.8645484916851461,35,True,-1,1.1557030527038552,1.095560484708375,1.2236761090364827,2,True,1
schelling,tolerance,unhappy_fraction,meso_district_group_entropy_mean,macro_global_connected_components,plus,-0.2378518138150472,-0.2642384474973926,-0.2111196487926157,0,True,-1,0.9600569805696164,0.7077544077978526,1.2292129938730083,6,True,1,1.7000771125404406,1.4941617373377618,1.9222147226241757,2,True,1,0.6810788178937784,0.5982559524001566,0.7600734287084175,0,True,1,-0.257047013783002,-0.6453595703905736,0.1423021657810171,-1,False,-1,-0.1439145540042583,-0.2254843332098585,-0.0575003066302295,76,False,-1
schelling,tolerance,unhappy_fraction,meso_district_unhappy_fraction_std,macro_global_connected_components,minus,-0.2378518138150472,-0.2642384474973926,-0.2111196487926157,0,True,-1,-0.2701468409811486,-0.3232965549882625,-0.2237966111106269,0,True,-1,1.7000771125404406,1.4941617373377618,1.9222147226241757,2,True,1,0.6810788178937784,0.5982559524001566,0.7600734287084175,0,True,1,0.820703867837433,0.7066917170373231,0.9321147832208896,2,True,1,-0.1439145540042583,-0.2254843332098585,-0.0575003066302295,76,False,-1
schelling,tolerance,unhappy_fraction,meso_district_move_fraction_std,macro_global_spatial_neighbor_similarity,minus,-0.2378518138150472,-0.2642384474973926,-0.2111196487926157,0,True,-1,-0.2094093064753491,-0.2356034066429703,-0.1828366304614064,0,True,-1,-3.340027328067182,-3.524242623605605,-3.13259771870469,1,True,-1,0.6810788178937784,0.5982559524001566,0.7600734287084175,0,True,1,0.5241375378923637,0.4639468155928706,0.5770809105276108,0,True,1,1.1557030527038552,1.095560484708375,1.2236761090364827,2,True,1
schelling,tolerance,unhappy_fraction,meso_district_destination_similarity_std,macro_global_connected_components,plus,-0.2378518138150472,-0.2642384474973926,-0.2111196487926157,0,True,-1,-0.1867116688180088,-0.2127808974531285,-0.1619012564551645,0,True,-1,1.7000771125404406,1.4941617373377618,1.9222147226241757,2,True,1,0.6810788178937784,0.5982559524001566,0.7600734287084175,0,True,1,0.4677365061048846,0.4211183701243539,0.5128166387199389,0,True,1,-0.1439145540042583,-0.2254843332098585,-0.0575003066302295,76,False,-1
schelling,move_probability,relocation_response_fraction,meso_district_move_fraction_std,macro_global_moved_fraction,plus,-0.0546564199460463,-0.1007585327173717,-0.0162049456523634,0,False,-1,0.4231921988102642,0.3830677052995344,0.4713284959383162,0,True,1,0.3084241721235077,0.2823921079550573,0.3387493470730734,0,True,1,-0.0556050592811951,-0.10329865560202,-0.0028280500270448,0,False,-1,-0.3189939138418262,-0.3442453669444061,-0.2944632736927103,0,True,-1,-0.2787196878892839,-0.2989734170649076,-0.2565447731661731,0,True,-1
schelling,move_probability,moved_fraction,meso_district_destination_similarity_std,macro_global_spatial_neighbor_similarity,plus,0.3084241721235077,0.2823921079550573,0.3387493470730734,0,True,1,0.4006009736523353,0.3663648051883264,0.440047432721007,0,True,1,-1.1559107811903222,-1.2718309127726122,-1.0583166079094657,1,True,-1,-0.2787196878892839,-0.2989734170649076,-0.2565447731661731,0,True,-1,-0.3142791379912554,-0.3372466506323566,-0.2921245601214858,0,True,-1,0.4482393507792006,0.339857109805282,0.5566372042706841,1,True,1
schelling,move_probability,relocation_response_fraction,meso_district_unhappy_fraction_std,macro_global_unhappy_fraction,minus,-0.0546564199460463,-0.1007585327173717,-0.0162049456523634,0,False,-1,1.0294166904980138,0.8872409707036775,1.186662990802786,15,True,1,1.1792087584621544,1.1001115680309277,1.2598803591220673,1,True,1,-0.0556050592811951,-0.10329865560202,-0.0028280500270448,0,False,-1,-0.5426825555518751,-0.589599114660345,-0.4948722488137297,3,True,-1,-0.4198371902882867,-0.449622656287056,-0.388825752515558,1,True,-1
schelling,move_probability,moved_fraction,meso_district_boundary_fraction_std,macro_global_connected_components,minus,0.3084241721235077,0.2823921079550573,0.3387493470730734,0,True,1,-0.0449603430395152,-0.3805344330918695,0.2923640460582178,1,False,-1,1.1998703053374755,1.0868169426180458,1.3082247887139749,1,True,1,-0.2787196878892839,-0.2989734170649076,-0.2565447731661731,0,True,-1,0.0311126477000535,-0.364357361902939,0.412350521658308,1,False,1,-0.3342719433422125,-0.4353806528597339,-0.2246608464156384,1,True,-1
schelling,move_probability,moved_fraction,meso_district_neighbour_count_std,macro_global_unhappy_fraction,plus,0.3084241721235077,0.2823921079550573,0.3387493470730734,0,True,1,-0.1922588241183484,-0.5684646092788781,0.1994280900919955,-1,False,-1,1.1792087584621544,1.1001115680309277,1.2598803591220673,1,True,1,-0.2787196878892839,-0.2989734170649076,-0.2565447731661731,0,True,-1,0.0169405544069148,-0.6593706434075829,0.6157530848742055,-1,False,1,-0.4198371902882867,-0.449622656287056,-0.388825752515558,1,True,-1
schelling,destination_preference,mean_destination_similarity_movers,meso_district_destination_similarity_std,macro_global_spatial_neighbor_similarity,plus,0.2660373976867192,0.2200856200519474,0.3097700393721956,0,True,1,0.3948835471921246,0.360829192276776,0.4300137931733365,37,True,1,-0.7595975906009652,-0.8355018766553447,-0.6819099526477606,1,True,-1,-0.0384399855283769,-0.0800561132364309,0.0053122970752359,-1,False,-1,-0.063951601480493,-0.0925583032299787,-0.0302372661638345,-1,False,-1,0.1125361554044092,0.0193014549033657,0.1991608700759058,1,False,1
schelling,destination_preference,mean_destination_similarity_movers,meso_district_boundary_fraction_std,macro_global_unhappy_fraction,plus,0.2660373976867192,0.2200856200519474,0.3097700393721956,0,True,1,0.208870944357788,-0.218997398032707,0.6271149456858491,1,False,1,0.7223266216165585,0.6744277548992124,0.7692740312423935,1,True,1,-0.0384399855283769,-0.0800561132364309,0.0053122970752359,-1,False,-1,-0.068882943874273,-0.4486804163738825,0.3192946925110796,-1,False,-1,-0.1114504692614298,-0.1425183881185957,-0.0742016093772187,1,False,-1
schelling,destination_preference,mean_destination_similarity_movers,meso_district_group_entropy_mean,macro_global_connected_components,plus,0.2660373976867192,0.2200856200519474,0.3097700393721956,0,True,1,0.2486157230098173,-0.1406523456468123,0.6064576248167145,7,False,1,0.684777040727394,0.5897766923696514,0.7745116232529248,1,True,1,-0.0384399855283769,-0.0800561132364309,0.0053122970752359,-1,False,-1,0.0854603600542708,-0.1363018111659819,0.3162696952100141,-1,False,1,-0.047935120795045,-0.1411538259007623,0.0526594781824382,4,False,-1
schelling,destination_preference,mean_destination_similarity_movers,meso_district_destination_similarity_std,macro_global_unhappy_fraction,minus,0.2660373976867192,0.2200856200519474,0.3097700393721956,0,True,1,0.3948835471921246,0.360829192276776,0.4300137931733365,37,True,1,0.7223266216165585,0.6744277548992124,0.7692740312423935,1,True,1,-0.0384399855283769,-0.0800561132364309,0.0053122970752359,-1,False,-1,-0.063951601480493,-0.0925583032299787,-0.0302372661638345,-1,False,-1,-0.1114504692614298,-0.1425183881185957,-0.0742016093772187,1,False,-1
schelling,destination_preference,mean_destination_similarity_movers,meso_district_move_distance_std,macro_global_connected_components,minus,0.2660373976867192,0.2200856200519474,0.3097700393721956,0,True,1,0.5645883599485648,0.5105744816649093,0.6158621129150714,11,True,1,0.684777040727394,0.5897766923696514,0.7745116232529248,1,True,1,-0.0384399855283769,-0.0800561132364309,0.0053122970752359,-1,False,-1,-0.0903291013387437,-0.1162777924120082,-0.0614207286252034,-1,False,-1,-0.047935120795045,-0.1411538259007623,0.0526594781824382,4,False,-1
