scenario	operator	error_ratio	repetition	evaluation_track	candidate_edge_count	retained_edge_count	temporal_qualification_rate	stability
deffuant	cross_hypothesis_group_relation	0.0	0	full_discovery	28	16	0.5714285714285714	0.9541666666666668
deffuant	cross_hypothesis_group_relation	0.0	1	full_discovery	28	16	0.5714285714285714	0.9520833333333334
deffuant	cross_hypothesis_group_relation	0.0	2	full_discovery	28	16	0.5714285714285714	0.9416666666666668
deffuant	cross_hypothesis_group_relation	0.0	3	full_discovery	28	16	0.5714285714285714	0.9458333333333332
deffuant	cross_hypothesis_group_relation	0.0	4	full_discovery	28	16	0.5714285714285714	0.9479166666666666
deffuant	cross_hypothesis_group_relation	0.0	5	full_discovery	28	16	0.5714285714285714	0.9541666666666666
deffuant	cross_hypothesis_group_relation	0.0	6	full_discovery	28	16	0.5714285714285714	0.9458333333333332
deffuant	cross_hypothesis_group_relation	0.0	7	full_discovery	28	15	0.5357142857142857	0.9355555555555556
deffuant	cross_hypothesis_group_relation	0.0	8	full_discovery	28	16	0.5714285714285714	0.9479166666666669
deffuant	cross_hypothesis_group_relation	0.0	9	full_discovery	28	16	0.5714285714285714	0.9520833333333334
deffuant	cross_hypothesis_group_relation	0.0	10	full_discovery	28	16	0.5714285714285714	0.9458333333333332
deffuant	cross_hypothesis_group_relation	0.0	11	full_discovery	28	16	0.5714285714285714	0.9520833333333334
deffuant	cross_hypothesis_group_relation	0.1	0	full_discovery	31	16	0.5161290322580645	0.9604166666666668
deffuant	cross_hypothesis_group_relation	0.1	1	full_discovery	31	17	0.5483870967741935	0.9549019607843138
deffuant	cross_hypothesis_group_relation	0.1	2	full_discovery	31	18	0.5806451612903226	0.9370370370370372
deffuant	cross_hypothesis_group_relation	0.1	3	full_discovery	31	19	0.6129032258064516	0.9315789473684212
deffuant	cross_hypothesis_group_relation	0.1	4	full_discovery	31	17	0.5483870967741935	0.9509803921568628
deffuant	cross_hypothesis_group_relation	0.1	5	full_discovery	31	16	0.5161290322580645	0.95
deffuant	cross_hypothesis_group_relation	0.1	6	full_discovery	31	16	0.5161290322580645	0.9583333333333334
deffuant	cross_hypothesis_group_relation	0.1	7	full_discovery	31	18	0.5806451612903226	0.9407407407407408
deffuant	cross_hypothesis_group_relation	0.1	8	full_discovery	31	20	0.6451612903225806	0.9316666666666666
deffuant	cross_hypothesis_group_relation	0.1	9	full_discovery	31	14	0.4516129032258064	0.9547619047619048
deffuant	cross_hypothesis_group_relation	0.1	10	full_discovery	31	19	0.6129032258064516	0.9438596491228072
deffuant	cross_hypothesis_group_relation	0.1	11	full_discovery	31	20	0.6451612903225806	0.925
deffuant	cross_hypothesis_group_relation	0.2	0	full_discovery	34	18	0.5294117647058824	0.95
deffuant	cross_hypothesis_group_relation	0.2	1	full_discovery	34	20	0.5882352941176471	0.9533333333333334
deffuant	cross_hypothesis_group_relation	0.2	2	full_discovery	34	18	0.5294117647058824	0.9481481481481482
deffuant	cross_hypothesis_group_relation	0.2	3	full_discovery	34	22	0.6470588235294118	0.9409090909090908
deffuant	cross_hypothesis_group_relation	0.2	4	full_discovery	34	20	0.5882352941176471	0.935
deffuant	cross_hypothesis_group_relation	0.2	5	full_discovery	34	20	0.5882352941176471	0.9433333333333334
deffuant	cross_hypothesis_group_relation	0.2	6	full_discovery	34	16	0.4705882352941176	0.9479166666666669
deffuant	cross_hypothesis_group_relation	0.2	7	full_discovery	34	18	0.5294117647058824	0.9777777777777776
deffuant	cross_hypothesis_group_relation	0.2	8	full_discovery	34	18	0.5294117647058824	0.9592592592592591
deffuant	cross_hypothesis_group_relation	0.2	9	full_discovery	34	18	0.5294117647058824	0.9574074074074076
deffuant	cross_hypothesis_group_relation	0.2	10	full_discovery	34	18	0.5294117647058824	0.9444444444444444
deffuant	cross_hypothesis_group_relation	0.2	11	full_discovery	34	20	0.5882352941176471	0.945
deffuant	cross_hypothesis_group_relation	0.4	0	full_discovery	39	22	0.5641025641025641	0.9333333333333332
deffuant	cross_hypothesis_group_relation	0.4	1	full_discovery	39	24	0.6153846153846154	0.9569444444444444
deffuant	cross_hypothesis_group_relation	0.4	2	full_discovery	39	25	0.6410256410256411	0.9506666666666668
deffuant	cross_hypothesis_group_relation	0.4	3	full_discovery	39	23	0.5897435897435898	0.9579710144927532
deffuant	cross_hypothesis_group_relation	0.4	4	full_discovery	39	19	0.4871794871794871	0.9438596491228072
deffuant	cross_hypothesis_group_relation	0.4	5	full_discovery	39	21	0.5384615384615384	0.9460317460317462
deffuant	cross_hypothesis_group_relation	0.4	6	full_discovery	39	20	0.5128205128205128	0.9549999999999998
deffuant	cross_hypothesis_group_relation	0.4	7	full_discovery	39	19	0.4871794871794871	0.9456140350877192
deffuant	cross_hypothesis_group_relation	0.4	8	full_discovery	39	23	0.5897435897435898	0.9318840579710144
deffuant	cross_hypothesis_group_relation	0.4	9	full_discovery	39	21	0.5384615384615384	0.9206349206349206
deffuant	cross_hypothesis_group_relation	0.4	10	full_discovery	39	21	0.5384615384615384	0.9619047619047616
deffuant	cross_hypothesis_group_relation	0.4	11	full_discovery	39	23	0.5897435897435898	0.9391304347826086
deffuant	delete_candidate_relation	0.0	0	full_discovery	28	16	0.5714285714285714	0.94375
deffuant	delete_candidate_relation	0.0	1	full_discovery	28	16	0.5714285714285714	0.9333333333333332
deffuant	delete_candidate_relation	0.0	2	full_discovery	28	16	0.5714285714285714	0.94375
deffuant	delete_candidate_relation	0.0	3	full_discovery	28	16	0.5714285714285714	0.95
deffuant	delete_candidate_relation	0.0	4	full_discovery	28	16	0.5714285714285714	0.96875
deffuant	delete_candidate_relation	0.0	5	full_discovery	28	16	0.5714285714285714	0.94375
deffuant	delete_candidate_relation	0.0	6	full_discovery	28	16	0.5714285714285714	0.9375
deffuant	delete_candidate_relation	0.0	7	full_discovery	28	16	0.5714285714285714	0.9270833333333334
deffuant	delete_candidate_relation	0.0	8	full_discovery	28	16	0.5714285714285714	0.9333333333333332
deffuant	delete_candidate_relation	0.0	9	full_discovery	28	16	0.5714285714285714	0.9375
deffuant	delete_candidate_relation	0.0	10	full_discovery	28	16	0.5714285714285714	0.9395833333333332
deffuant	delete_candidate_relation	0.0	11	full_discovery	28	16	0.5714285714285714	0.9479166666666669
deffuant	delete_candidate_relation	0.1	0	full_discovery	25	16	0.64	0.9333333333333332
deffuant	delete_candidate_relation	0.1	1	full_discovery	25	14	0.56	0.9404761904761906
deffuant	delete_candidate_relation	0.1	2	full_discovery	25	14	0.56	0.9452380952380952
deffuant	delete_candidate_relation	0.1	3	full_discovery	25	15	0.6	0.9511111111111112
deffuant	delete_candidate_relation	0.1	4	full_discovery	25	15	0.6	0.9511111111111112
deffuant	delete_candidate_relation	0.1	5	full_discovery	25	14	0.56	0.9523809523809526
deffuant	delete_candidate_relation	0.1	6	full_discovery	25	16	0.64	0.9583333333333331
deffuant	delete_candidate_relation	0.1	7	full_discovery	25	16	0.64	0.9479166666666669
deffuant	delete_candidate_relation	0.1	8	full_discovery	25	16	0.64	0.9479166666666669
deffuant	delete_candidate_relation	0.1	9	full_discovery	25	15	0.6	0.937777777777778
deffuant	delete_candidate_relation	0.1	10	full_discovery	25	12	0.48	0.952777777777778
deffuant	delete_candidate_relation	0.1	11	full_discovery	25	14	0.56	0.9690476190476192
deffuant	delete_candidate_relation	0.2	0	full_discovery	22	12	0.5454545454545454	0.9250000000000002
deffuant	delete_candidate_relation	0.2	1	full_discovery	22	11	0.5	0.9303030303030304
deffuant	delete_candidate_relation	0.2	2	full_discovery	22	13	0.5909090909090909	0.9461538461538463
deffuant	delete_candidate_relation	0.2	3	full_discovery	22	14	0.6363636363636364	0.9190476190476192
deffuant	delete_candidate_relation	0.2	4	full_discovery	22	16	0.7272727272727273	0.9145833333333332
deffuant	delete_candidate_relation	0.2	5	full_discovery	22	13	0.5909090909090909	0.9410256410256412
deffuant	delete_candidate_relation	0.2	6	full_discovery	22	13	0.5909090909090909	0.9384615384615386
deffuant	delete_candidate_relation	0.2	7	full_discovery	22	13	0.5909090909090909	0.9410256410256412
deffuant	delete_candidate_relation	0.2	8	full_discovery	22	12	0.5454545454545454	0.9083333333333335
deffuant	delete_candidate_relation	0.2	9	full_discovery	22	13	0.5909090909090909	0.9410256410256412
deffuant	delete_candidate_relation	0.2	10	full_discovery	22	14	0.6363636363636364	0.9761904761904764
deffuant	delete_candidate_relation	0.2	11	full_discovery	22	13	0.5909090909090909	0.9666666666666668
deffuant	delete_candidate_relation	0.4	0	full_discovery	17	12	0.7058823529411765	0.9472222222222224
deffuant	delete_candidate_relation	0.4	1	full_discovery	17	10	0.5882352941176471	0.9633333333333332
deffuant	delete_candidate_relation	0.4	2	full_discovery	17	12	0.7058823529411765	0.9333333333333336
deffuant	delete_candidate_relation	0.4	3	full_discovery	17	13	0.7647058823529411	0.9743589743589745
deffuant	delete_candidate_relation	0.4	4	full_discovery	17	13	0.7647058823529411	0.9666666666666668
deffuant	delete_candidate_relation	0.4	5	full_discovery	17	10	0.5882352941176471	0.9466666666666668
deffuant	delete_candidate_relation	0.4	6	full_discovery	17	9	0.5294117647058824	0.977777777777778
deffuant	delete_candidate_relation	0.4	7	full_discovery	17	11	0.6470588235294118	0.981818181818182
deffuant	delete_candidate_relation	0.4	8	full_discovery	17	12	0.7058823529411765	0.9611111111111112
deffuant	delete_candidate_relation	0.4	9	full_discovery	17	13	0.7647058823529411	0.9128205128205128
deffuant	delete_candidate_relation	0.4	10	full_discovery	17	10	0.5882352941176471	0.9666666666666666
deffuant	delete_candidate_relation	0.4	11	full_discovery	17	12	0.7058823529411765	0.977777777777778
deffuant	irrelevant_indicator	0.0	0	full_discovery	28	16	0.5714285714285714	0.95
deffuant	irrelevant_indicator	0.0	1	full_discovery	28	16	0.5714285714285714	0.9479166666666669
deffuant	irrelevant_indicator	0.0	2	full_discovery	28	16	0.5714285714285714	0.9333333333333332
deffuant	irrelevant_indicator	0.0	3	full_discovery	28	16	0.5714285714285714	0.9375
deffuant	irrelevant_indicator	0.0	4	full_discovery	28	15	0.5357142857142857	0.96
deffuant	irrelevant_indicator	0.0	5	full_discovery	28	16	0.5714285714285714	0.9291666666666668
deffuant	irrelevant_indicator	0.0	6	full_discovery	28	16	0.5714285714285714	0.9375
deffuant	irrelevant_indicator	0.0	7	full_discovery	28	16	0.5714285714285714	0.9354166666666668
deffuant	irrelevant_indicator	0.0	8	full_discovery	28	16	0.5714285714285714	0.9520833333333334
deffuant	irrelevant_indicator	0.0	9	full_discovery	28	16	0.5714285714285714	0.9208333333333334
deffuant	irrelevant_indicator	0.0	10	full_discovery	28	15	0.5357142857142857	0.9555555555555556
deffuant	irrelevant_indicator	0.0	11	full_discovery	28	16	0.5714285714285714	0.94375
deffuant	irrelevant_indicator	0.1	0	full_discovery	31	17	0.5483870967741935	0.9470588235294118
deffuant	irrelevant_indicator	0.1	1	full_discovery	31	16	0.5161290322580645	0.9645833333333332
deffuant	irrelevant_indicator	0.1	2	full_discovery	31	18	0.5806451612903226	0.9092592592592592
deffuant	irrelevant_indicator	0.1	3	full_discovery	31	16	0.5161290322580645	0.93125
deffuant	irrelevant_indicator	0.1	4	full_discovery	31	17	0.5483870967741935	0.923529411764706
deffuant	irrelevant_indicator	0.1	5	full_discovery	31	17	0.5483870967741935	0.9470588235294118
deffuant	irrelevant_indicator	0.1	6	full_discovery	31	17	0.5483870967741935	0.9372549019607844
deffuant	irrelevant_indicator	0.1	7	full_discovery	31	18	0.5806451612903226	0.924074074074074
deffuant	irrelevant_indicator	0.1	8	full_discovery	31	17	0.5483870967741935	0.9568627450980391
deffuant	irrelevant_indicator	0.1	9	full_discovery	31	16	0.5161290322580645	0.9416666666666668
deffuant	irrelevant_indicator	0.1	10	full_discovery	31	16	0.5161290322580645	0.9458333333333332
deffuant	irrelevant_indicator	0.1	11	full_discovery	31	16	0.5161290322580645	0.9354166666666668
deffuant	irrelevant_indicator	0.2	0	full_discovery	34	18	0.5294117647058824	0.9296296296296296
deffuant	irrelevant_indicator	0.2	1	full_discovery	34	18	0.5294117647058824	0.9351851851851852
deffuant	irrelevant_indicator	0.2	2	full_discovery	34	15	0.4411764705882353	0.9666666666666668
deffuant	irrelevant_indicator	0.2	3	full_discovery	34	15	0.4411764705882353	0.9466666666666668
deffuant	irrelevant_indicator	0.2	4	full_discovery	34	17	0.5	0.9411764705882352
deffuant	irrelevant_indicator	0.2	5	full_discovery	34	16	0.4705882352941176	0.95
deffuant	irrelevant_indicator	0.2	6	full_discovery	34	18	0.5294117647058824	0.9314814814814816
deffuant	irrelevant_indicator	0.2	7	full_discovery	34	16	0.4705882352941176	0.925
deffuant	irrelevant_indicator	0.2	8	full_discovery	34	16	0.4705882352941176	0.93125
deffuant	irrelevant_indicator	0.2	9	full_discovery	34	17	0.5	0.9372549019607844
deffuant	irrelevant_indicator	0.2	10	full_discovery	34	17	0.5	0.9470588235294118
deffuant	irrelevant_indicator	0.2	11	full_discovery	34	15	0.4411764705882353	0.9311111111111112
deffuant	irrelevant_indicator	0.4	0	full_discovery	39	18	0.4615384615384615	0.9351851851851852
deffuant	irrelevant_indicator	0.4	1	full_discovery	39	17	0.4358974358974359	0.9254901960784312
deffuant	irrelevant_indicator	0.4	2	full_discovery	39	17	0.4358974358974359	0.9254901960784314
deffuant	irrelevant_indicator	0.4	3	full_discovery	39	16	0.4102564102564102	0.9416666666666668
deffuant	irrelevant_indicator	0.4	4	full_discovery	39	18	0.4615384615384615	0.9462962962962964
deffuant	irrelevant_indicator	0.4	5	full_discovery	39	19	0.4871794871794871	0.924561403508772
deffuant	irrelevant_indicator	0.4	6	full_discovery	39	18	0.4615384615384615	0.9259259259259258
deffuant	irrelevant_indicator	0.4	7	full_discovery	39	19	0.4871794871794871	0.9456140350877192
deffuant	irrelevant_indicator	0.4	8	full_discovery	39	19	0.4871794871794871	0.9210526315789472
deffuant	irrelevant_indicator	0.4	9	full_discovery	39	18	0.4615384615384615	0.9203703703703704
deffuant	irrelevant_indicator	0.4	10	full_discovery	39	19	0.4871794871794871	0.9087719298245612
deffuant	irrelevant_indicator	0.4	11	full_discovery	39	21	0.5384615384615384	0.9079365079365076
deffuant	redundant_semantic_indicator	0.0	0	full_discovery	28	16	0.5714285714285714	0.9354166666666668
deffuant	redundant_semantic_indicator	0.0	1	full_discovery	28	16	0.5714285714285714	0.9354166666666668
deffuant	redundant_semantic_indicator	0.0	2	full_discovery	28	16	0.5714285714285714	0.9541666666666668
deffuant	redundant_semantic_indicator	0.0	3	full_discovery	28	16	0.5714285714285714	0.9333333333333332
deffuant	redundant_semantic_indicator	0.0	4	full_discovery	28	16	0.5714285714285714	0.9375
deffuant	redundant_semantic_indicator	0.0	5	full_discovery	28	16	0.5714285714285714	0.9375
deffuant	redundant_semantic_indicator	0.0	6	full_discovery	28	16	0.5714285714285714	0.9375
deffuant	redundant_semantic_indicator	0.0	7	full_discovery	28	16	0.5714285714285714	0.9375
deffuant	redundant_semantic_indicator	0.0	8	full_discovery	28	16	0.5714285714285714	0.9541666666666668
deffuant	redundant_semantic_indicator	0.0	9	full_discovery	28	16	0.5714285714285714	0.9458333333333332
deffuant	redundant_semantic_indicator	0.0	10	full_discovery	28	16	0.5714285714285714	0.9125
deffuant	redundant_semantic_indicator	0.0	11	full_discovery	28	16	0.5714285714285714	0.9583333333333334
deffuant	redundant_semantic_indicator	0.1	0	full_discovery	31	18	0.5806451612903226	0.9537037037037036
deffuant	redundant_semantic_indicator	0.1	1	full_discovery	31	16	0.5161290322580645	0.9541666666666668
deffuant	redundant_semantic_indicator	0.1	2	full_discovery	31	18	0.5806451612903226	0.9370370370370372
deffuant	redundant_semantic_indicator	0.1	3	full_discovery	31	18	0.5806451612903226	0.9388888888888888
deffuant	redundant_semantic_indicator	0.1	4	full_discovery	31	18	0.5806451612903226	0.9481481481481482
deffuant	redundant_semantic_indicator	0.1	5	full_discovery	31	16	0.5161290322580645	0.9291666666666668
deffuant	redundant_semantic_indicator	0.1	6	full_discovery	31	17	0.5483870967741935	0.931372549019608
deffuant	redundant_semantic_indicator	0.1	7	full_discovery	31	19	0.6129032258064516	0.9298245614035088
deffuant	redundant_semantic_indicator	0.1	8	full_discovery	31	19	0.6129032258064516	0.970175438596491
deffuant	redundant_semantic_indicator	0.1	9	full_discovery	31	19	0.6129032258064516	0.9210526315789472
deffuant	redundant_semantic_indicator	0.1	10	full_discovery	31	18	0.5806451612903226	0.9166666666666666
deffuant	redundant_semantic_indicator	0.1	11	full_discovery	31	19	0.6129032258064516	0.9421052631578944
deffuant	redundant_semantic_indicator	0.2	0	full_discovery	34	20	0.5882352941176471	0.9133333333333332
deffuant	redundant_semantic_indicator	0.2	1	full_discovery	34	20	0.5882352941176471	0.93
deffuant	redundant_semantic_indicator	0.2	2	full_discovery	34	19	0.5588235294117647	0.9315789473684208
deffuant	redundant_semantic_indicator	0.2	3	full_discovery	34	20	0.5882352941176471	0.9566666666666668
deffuant	redundant_semantic_indicator	0.2	4	full_discovery	34	19	0.5588235294117647	0.9456140350877194
deffuant	redundant_semantic_indicator	0.2	5	full_discovery	34	19	0.5588235294117647	0.9561403508771932
deffuant	redundant_semantic_indicator	0.2	6	full_discovery	34	19	0.5588235294117647	0.950877192982456
deffuant	redundant_semantic_indicator	0.2	7	full_discovery	34	19	0.5588235294117647	0.9192982456140352
deffuant	redundant_semantic_indicator	0.2	8	full_discovery	34	18	0.5294117647058824	0.9462962962962962
deffuant	redundant_semantic_indicator	0.2	9	full_discovery	34	17	0.5	0.9529411764705882
deffuant	redundant_semantic_indicator	0.2	10	full_discovery	34	18	0.5294117647058824	0.938888888888889
deffuant	redundant_semantic_indicator	0.2	11	full_discovery	34	18	0.5294117647058824	0.9499999999999998
deffuant	redundant_semantic_indicator	0.4	0	full_discovery	39	24	0.6153846153846154	0.9583333333333334
deffuant	redundant_semantic_indicator	0.4	1	full_discovery	39	24	0.6153846153846154	0.9277777777777776
deffuant	redundant_semantic_indicator	0.4	2	full_discovery	39	21	0.5384615384615384	0.9365079365079364
deffuant	redundant_semantic_indicator	0.4	3	full_discovery	39	23	0.5897435897435898	0.9492753623188408
deffuant	redundant_semantic_indicator	0.4	4	full_discovery	39	23	0.5897435897435898	0.9434782608695652
deffuant	redundant_semantic_indicator	0.4	5	full_discovery	39	21	0.5384615384615384	0.9365079365079362
deffuant	redundant_semantic_indicator	0.4	6	full_discovery	39	22	0.5641025641025641	0.9136363636363636
deffuant	redundant_semantic_indicator	0.4	7	full_discovery	39	23	0.5897435897435898	0.9391304347826088
deffuant	redundant_semantic_indicator	0.4	8	full_discovery	39	22	0.5641025641025641	0.9469696969696968
deffuant	redundant_semantic_indicator	0.4	9	full_discovery	39	22	0.5641025641025641	0.9393939393939394
deffuant	redundant_semantic_indicator	0.4	10	full_discovery	39	23	0.5897435897435898	0.9333333333333332
deffuant	redundant_semantic_indicator	0.4	11	full_discovery	39	20	0.5128205128205128	0.9399999999999998
deffuant	wrong_hypothesis_group_assignment	0.0	0	full_discovery	28	16	0.5714285714285714	0.9583333333333334
deffuant	wrong_hypothesis_group_assignment	0.0	1	full_discovery	28	16	0.5714285714285714	0.9333333333333332
deffuant	wrong_hypothesis_group_assignment	0.0	2	full_discovery	28	16	0.5714285714285714	0.9395833333333334
deffuant	wrong_hypothesis_group_assignment	0.0	3	full_discovery	28	16	0.5714285714285714	0.9416666666666668
deffuant	wrong_hypothesis_group_assignment	0.0	4	full_discovery	28	16	0.5714285714285714	0.9416666666666668
deffuant	wrong_hypothesis_group_assignment	0.0	5	full_discovery	28	16	0.5714285714285714	0.9354166666666668
deffuant	wrong_hypothesis_group_assignment	0.0	6	full_discovery	28	15	0.5357142857142857	0.9555555555555556
deffuant	wrong_hypothesis_group_assignment	0.0	7	full_discovery	28	16	0.5714285714285714	0.94375
deffuant	wrong_hypothesis_group_assignment	0.0	8	full_discovery	28	16	0.5714285714285714	0.95625
deffuant	wrong_hypothesis_group_assignment	0.0	9	full_discovery	28	16	0.5714285714285714	0.94375
deffuant	wrong_hypothesis_group_assignment	0.0	10	full_discovery	28	16	0.5714285714285714	0.9270833333333334
deffuant	wrong_hypothesis_group_assignment	0.0	11	full_discovery	28	16	0.5714285714285714	0.9375
deffuant	wrong_hypothesis_group_assignment	0.1	0	full_discovery	28	16	0.5714285714285714	0.9479166666666669
deffuant	wrong_hypothesis_group_assignment	0.1	1	full_discovery	28	15	0.5357142857142857	0.9288888888888888
deffuant	wrong_hypothesis_group_assignment	0.1	2	full_discovery	28	14	0.5	0.973809523809524
deffuant	wrong_hypothesis_group_assignment	0.1	3	full_discovery	28	15	0.5357142857142857	0.9666666666666668
deffuant	wrong_hypothesis_group_assignment	0.1	4	full_discovery	28	16	0.5714285714285714	0.94375
deffuant	wrong_hypothesis_group_assignment	0.1	5	full_discovery	28	15	0.5357142857142857	0.937777777777778
deffuant	wrong_hypothesis_group_assignment	0.1	6	full_discovery	28	16	0.5714285714285714	0.9291666666666668
deffuant	wrong_hypothesis_group_assignment	0.1	7	full_discovery	28	16	0.5714285714285714	0.9520833333333334
deffuant	wrong_hypothesis_group_assignment	0.1	8	full_discovery	28	16	0.5714285714285714	0.94375
deffuant	wrong_hypothesis_group_assignment	0.1	9	full_discovery	28	16	0.5714285714285714	0.9375
deffuant	wrong_hypothesis_group_assignment	0.1	10	full_discovery	28	16	0.5714285714285714	0.9375
deffuant	wrong_hypothesis_group_assignment	0.1	11	full_discovery	28	16	0.5714285714285714	0.93125
deffuant	wrong_hypothesis_group_assignment	0.2	0	full_discovery	28	15	0.5357142857142857	0.9533333333333336
deffuant	wrong_hypothesis_group_assignment	0.2	1	full_discovery	28	16	0.5714285714285714	0.9354166666666668
deffuant	wrong_hypothesis_group_assignment	0.2	2	full_discovery	28	16	0.5714285714285714	0.95
deffuant	wrong_hypothesis_group_assignment	0.2	3	full_discovery	28	16	0.5714285714285714	0.94375
deffuant	wrong_hypothesis_group_assignment	0.2	4	full_discovery	28	16	0.5714285714285714	0.9291666666666668
deffuant	wrong_hypothesis_group_assignment	0.2	5	full_discovery	28	16	0.5714285714285714	0.9416666666666668
deffuant	wrong_hypothesis_group_assignment	0.2	6	full_discovery	28	16	0.5714285714285714	0.95
deffuant	wrong_hypothesis_group_assignment	0.2	7	full_discovery	28	16	0.5714285714285714	0.9520833333333334
deffuant	wrong_hypothesis_group_assignment	0.2	8	full_discovery	28	16	0.5714285714285714	0.9541666666666668
deffuant	wrong_hypothesis_group_assignment	0.2	9	full_discovery	28	16	0.5714285714285714	0.9395833333333332
deffuant	wrong_hypothesis_group_assignment	0.2	10	full_discovery	28	16	0.5714285714285714	0.9395833333333334
deffuant	wrong_hypothesis_group_assignment	0.2	11	full_discovery	28	16	0.5714285714285714	0.9375
deffuant	wrong_hypothesis_group_assignment	0.4	0	full_discovery	28	16	0.5714285714285714	0.9416666666666668
deffuant	wrong_hypothesis_group_assignment	0.4	1	full_discovery	28	16	0.5714285714285714	0.9395833333333334
deffuant	wrong_hypothesis_group_assignment	0.4	2	full_discovery	28	16	0.5714285714285714	0.9208333333333334
deffuant	wrong_hypothesis_group_assignment	0.4	3	full_discovery	28	16	0.5714285714285714	0.93125
deffuant	wrong_hypothesis_group_assignment	0.4	4	full_discovery	28	16	0.5714285714285714	0.9479166666666666
deffuant	wrong_hypothesis_group_assignment	0.4	5	full_discovery	28	16	0.5714285714285714	0.9395833333333332
deffuant	wrong_hypothesis_group_assignment	0.4	6	full_discovery	28	16	0.5714285714285714	0.94375
deffuant	wrong_hypothesis_group_assignment	0.4	7	full_discovery	28	16	0.5714285714285714	0.95
deffuant	wrong_hypothesis_group_assignment	0.4	8	full_discovery	28	15	0.5357142857142857	0.9533333333333336
deffuant	wrong_hypothesis_group_assignment	0.4	9	full_discovery	28	16	0.5714285714285714	0.9333333333333332
deffuant	wrong_hypothesis_group_assignment	0.4	10	full_discovery	28	16	0.5714285714285714	0.9416666666666668
deffuant	wrong_hypothesis_group_assignment	0.4	11	full_discovery	28	15	0.5357142857142857	0.9444444444444444
schelling	cross_hypothesis_group_relation	0.0	0	full_discovery	29	28	0.9655172413793104	0.9738095238095238
schelling	cross_hypothesis_group_relation	0.0	1	full_discovery	29	28	0.9655172413793104	0.9761904761904762
schelling	cross_hypothesis_group_relation	0.0	2	full_discovery	29	28	0.9655172413793104	0.9726190476190476
schelling	cross_hypothesis_group_relation	0.0	3	full_discovery	29	28	0.9655172413793104	0.973809523809524
schelling	cross_hypothesis_group_relation	0.0	4	full_discovery	29	28	0.9655172413793104	0.9726190476190476
schelling	cross_hypothesis_group_relation	0.0	5	full_discovery	29	28	0.9655172413793104	0.9797619047619048
schelling	cross_hypothesis_group_relation	0.0	6	full_discovery	29	28	0.9655172413793104	0.961904761904762
schelling	cross_hypothesis_group_relation	0.0	7	full_discovery	29	28	0.9655172413793104	0.9726190476190476
schelling	cross_hypothesis_group_relation	0.0	8	full_discovery	29	28	0.9655172413793104	0.9607142857142856
schelling	cross_hypothesis_group_relation	0.0	9	full_discovery	29	28	0.9655172413793104	0.9738095238095238
schelling	cross_hypothesis_group_relation	0.0	10	full_discovery	29	28	0.9655172413793104	0.9726190476190476
schelling	cross_hypothesis_group_relation	0.0	11	full_discovery	29	28	0.9655172413793104	0.9654761904761904
schelling	cross_hypothesis_group_relation	0.1	0	full_discovery	32	31	0.96875	0.9623655913978494
schelling	cross_hypothesis_group_relation	0.1	1	full_discovery	32	30	0.9375	0.9788888888888888
schelling	cross_hypothesis_group_relation	0.1	2	full_discovery	32	31	0.96875	0.972043010752688
schelling	cross_hypothesis_group_relation	0.1	3	full_discovery	32	30	0.9375	0.97
schelling	cross_hypothesis_group_relation	0.1	4	full_discovery	32	31	0.96875	0.964516129032258
schelling	cross_hypothesis_group_relation	0.1	5	full_discovery	32	29	0.90625	0.9678160919540229
schelling	cross_hypothesis_group_relation	0.1	6	full_discovery	32	30	0.9375	0.9744444444444444
schelling	cross_hypothesis_group_relation	0.1	7	full_discovery	32	31	0.96875	0.9655913978494622
schelling	cross_hypothesis_group_relation	0.1	8	full_discovery	32	29	0.90625	0.9712643678160918
schelling	cross_hypothesis_group_relation	0.1	9	full_discovery	32	31	0.96875	0.964516129032258
schelling	cross_hypothesis_group_relation	0.1	10	full_discovery	32	31	0.96875	0.9591397849462366
schelling	cross_hypothesis_group_relation	0.1	11	full_discovery	32	30	0.9375	0.9711111111111111
schelling	cross_hypothesis_group_relation	0.2	0	full_discovery	35	31	0.8857142857142857	0.978494623655914
schelling	cross_hypothesis_group_relation	0.2	1	full_discovery	35	32	0.9142857142857144	0.9802083333333332
schelling	cross_hypothesis_group_relation	0.2	2	full_discovery	35	31	0.8857142857142857	0.9677419354838708
schelling	cross_hypothesis_group_relation	0.2	3	full_discovery	35	34	0.9714285714285714	0.9862745098039216
schelling	cross_hypothesis_group_relation	0.2	4	full_discovery	35	33	0.9428571428571428	0.9696969696969696
schelling	cross_hypothesis_group_relation	0.2	5	full_discovery	35	32	0.9142857142857144	0.9677083333333334
schelling	cross_hypothesis_group_relation	0.2	6	full_discovery	35	32	0.9142857142857144	0.9729166666666668
schelling	cross_hypothesis_group_relation	0.2	7	full_discovery	35	30	0.8571428571428571	0.9666666666666666
schelling	cross_hypothesis_group_relation	0.2	8	full_discovery	35	34	0.9714285714285714	0.9676470588235294
schelling	cross_hypothesis_group_relation	0.2	9	full_discovery	35	32	0.9142857142857144	0.9666666666666668
schelling	cross_hypothesis_group_relation	0.2	10	full_discovery	35	33	0.9428571428571428	0.9616161616161616
schelling	cross_hypothesis_group_relation	0.2	11	full_discovery	35	33	0.9428571428571428	0.9636363636363636
schelling	cross_hypothesis_group_relation	0.4	0	full_discovery	41	35	0.8536585365853658	0.9638095238095238
schelling	cross_hypothesis_group_relation	0.4	1	full_discovery	41	39	0.951219512195122	0.9717948717948718
schelling	cross_hypothesis_group_relation	0.4	2	full_discovery	41	34	0.8292682926829268	0.973529411764706
schelling	cross_hypothesis_group_relation	0.4	3	full_discovery	41	38	0.926829268292683	0.9771929824561404
schelling	cross_hypothesis_group_relation	0.4	4	full_discovery	41	34	0.8292682926829268	0.9558823529411764
schelling	cross_hypothesis_group_relation	0.4	5	full_discovery	41	35	0.8536585365853658	0.9657142857142856
schelling	cross_hypothesis_group_relation	0.4	6	full_discovery	41	39	0.951219512195122	0.9735042735042736
schelling	cross_hypothesis_group_relation	0.4	7	full_discovery	41	36	0.8780487804878049	0.9768518518518516
schelling	cross_hypothesis_group_relation	0.4	8	full_discovery	41	40	0.975609756097561	0.9733333333333334
schelling	cross_hypothesis_group_relation	0.4	9	full_discovery	41	38	0.926829268292683	0.9631578947368424
schelling	cross_hypothesis_group_relation	0.4	10	full_discovery	41	34	0.8292682926829268	0.9627450980392156
schelling	cross_hypothesis_group_relation	0.4	11	full_discovery	41	37	0.902439024390244	0.9702702702702702
schelling	delete_candidate_relation	0.0	0	full_discovery	29	28	0.9655172413793104	0.969047619047619
schelling	delete_candidate_relation	0.0	1	full_discovery	29	28	0.9655172413793104	0.975
schelling	delete_candidate_relation	0.0	2	full_discovery	29	28	0.9655172413793104	0.9702380952380952
schelling	delete_candidate_relation	0.0	3	full_discovery	29	28	0.9655172413793104	0.9678571428571427
schelling	delete_candidate_relation	0.0	4	full_discovery	29	28	0.9655172413793104	0.9654761904761904
schelling	delete_candidate_relation	0.0	5	full_discovery	29	28	0.9655172413793104	0.9642857142857144
schelling	delete_candidate_relation	0.0	6	full_discovery	29	28	0.9655172413793104	0.9761904761904762
schelling	delete_candidate_relation	0.0	7	full_discovery	29	27	0.9310344827586208	0.974074074074074
schelling	delete_candidate_relation	0.0	8	full_discovery	29	28	0.9655172413793104	0.9678571428571427
schelling	delete_candidate_relation	0.0	9	full_discovery	29	28	0.9655172413793104	0.9702380952380952
schelling	delete_candidate_relation	0.0	10	full_discovery	29	28	0.9655172413793104	0.9702380952380952
schelling	delete_candidate_relation	0.0	11	full_discovery	29	28	0.9655172413793104	0.9726190476190476
schelling	delete_candidate_relation	0.1	0	full_discovery	26	24	0.9230769230769232	0.975
schelling	delete_candidate_relation	0.1	1	full_discovery	26	24	0.9230769230769232	0.9763888888888892
schelling	delete_candidate_relation	0.1	2	full_discovery	26	25	0.9615384615384616	0.9666666666666668
schelling	delete_candidate_relation	0.1	3	full_discovery	26	25	0.9615384615384616	0.9733333333333332
schelling	delete_candidate_relation	0.1	4	full_discovery	26	25	0.9615384615384616	0.9693333333333334
schelling	delete_candidate_relation	0.1	5	full_discovery	26	23	0.8846153846153846	0.9739130434782608
schelling	delete_candidate_relation	0.1	6	full_discovery	26	25	0.9615384615384616	0.9786666666666668
schelling	delete_candidate_relation	0.1	7	full_discovery	26	24	0.9230769230769232	0.9847222222222222
schelling	delete_candidate_relation	0.1	8	full_discovery	26	25	0.9615384615384616	0.9773333333333334
schelling	delete_candidate_relation	0.1	9	full_discovery	26	23	0.8846153846153846	0.9869565217391304
schelling	delete_candidate_relation	0.1	10	full_discovery	26	24	0.9230769230769232	0.977777777777778
schelling	delete_candidate_relation	0.1	11	full_discovery	26	24	0.9230769230769232	0.975
schelling	delete_candidate_relation	0.2	0	full_discovery	23	22	0.9565217391304348	0.9772727272727272
schelling	delete_candidate_relation	0.2	1	full_discovery	23	21	0.9130434782608696	0.9777777777777776
schelling	delete_candidate_relation	0.2	2	full_discovery	23	23	1.0	0.9666666666666666
schelling	delete_candidate_relation	0.2	3	full_discovery	23	22	0.9565217391304348	0.9681818181818184
schelling	delete_candidate_relation	0.2	4	full_discovery	23	21	0.9130434782608696	0.992063492063492
schelling	delete_candidate_relation	0.2	5	full_discovery	23	22	0.9565217391304348	0.9712121212121212
schelling	delete_candidate_relation	0.2	6	full_discovery	23	20	0.8695652173913043	0.99
schelling	delete_candidate_relation	0.2	7	full_discovery	23	22	0.9565217391304348	0.9712121212121212
schelling	delete_candidate_relation	0.2	8	full_discovery	23	22	0.9565217391304348	0.9848484848484848
schelling	delete_candidate_relation	0.2	9	full_discovery	23	21	0.9130434782608696	0.984126984126984
schelling	delete_candidate_relation	0.2	10	full_discovery	23	22	0.9565217391304348	0.9666666666666668
schelling	delete_candidate_relation	0.2	11	full_discovery	23	21	0.9130434782608696	0.9682539682539684
schelling	delete_candidate_relation	0.4	0	full_discovery	17	16	0.9411764705882352	0.9895833333333334
schelling	delete_candidate_relation	0.4	1	full_discovery	17	16	0.9411764705882352	0.96875
schelling	delete_candidate_relation	0.4	2	full_discovery	17	17	1.0	0.972549019607843
schelling	delete_candidate_relation	0.4	3	full_discovery	17	16	0.9411764705882352	0.9625
schelling	delete_candidate_relation	0.4	4	full_discovery	17	16	0.9411764705882352	0.9645833333333332
schelling	delete_candidate_relation	0.4	5	full_discovery	17	14	0.8235294117647058	0.9714285714285716
schelling	delete_candidate_relation	0.4	6	full_discovery	17	17	1.0	0.9725490196078432
schelling	delete_candidate_relation	0.4	7	full_discovery	17	17	1.0	0.9764705882352942
schelling	delete_candidate_relation	0.4	8	full_discovery	17	16	0.9411764705882352	0.98125
schelling	delete_candidate_relation	0.4	9	full_discovery	17	16	0.9411764705882352	0.9729166666666668
schelling	delete_candidate_relation	0.4	10	full_discovery	17	16	0.9411764705882352	0.9833333333333334
schelling	delete_candidate_relation	0.4	11	full_discovery	17	15	0.8823529411764706	0.9844444444444445
schelling	irrelevant_indicator	0.0	0	full_discovery	29	28	0.9655172413793104	0.9797619047619046
schelling	irrelevant_indicator	0.0	1	full_discovery	29	28	0.9655172413793104	0.9726190476190476
schelling	irrelevant_indicator	0.0	2	full_discovery	29	28	0.9655172413793104	0.9642857142857142
schelling	irrelevant_indicator	0.0	3	full_discovery	29	28	0.9655172413793104	0.9702380952380952
schelling	irrelevant_indicator	0.0	4	full_discovery	29	28	0.9655172413793104	0.9547619047619048
schelling	irrelevant_indicator	0.0	5	full_discovery	29	28	0.9655172413793104	0.9738095238095238
schelling	irrelevant_indicator	0.0	6	full_discovery	29	28	0.9655172413793104	0.9714285714285712
schelling	irrelevant_indicator	0.0	7	full_discovery	29	28	0.9655172413793104	0.9738095238095238
schelling	irrelevant_indicator	0.0	8	full_discovery	29	28	0.9655172413793104	0.9595238095238096
schelling	irrelevant_indicator	0.0	9	full_discovery	29	28	0.9655172413793104	0.9702380952380952
schelling	irrelevant_indicator	0.0	10	full_discovery	29	28	0.9655172413793104	0.9773809523809524
schelling	irrelevant_indicator	0.0	11	full_discovery	29	28	0.9655172413793104	0.9785714285714286
schelling	irrelevant_indicator	0.1	0	full_discovery	32	28	0.875	0.9642857142857144
schelling	irrelevant_indicator	0.1	1	full_discovery	32	28	0.875	0.9702380952380952
schelling	irrelevant_indicator	0.1	2	full_discovery	32	29	0.90625	0.949425287356322
schelling	irrelevant_indicator	0.1	3	full_discovery	32	28	0.875	0.9666666666666668
schelling	irrelevant_indicator	0.1	4	full_discovery	32	29	0.90625	0.9620689655172412
schelling	irrelevant_indicator	0.1	5	full_discovery	32	28	0.875	0.9571428571428572
schelling	irrelevant_indicator	0.1	6	full_discovery	32	28	0.875	0.9654761904761904
schelling	irrelevant_indicator	0.1	7	full_discovery	32	29	0.90625	0.9609195402298852
schelling	irrelevant_indicator	0.1	8	full_discovery	32	29	0.90625	0.9701149425287356
schelling	irrelevant_indicator	0.1	9	full_discovery	32	28	0.875	0.9654761904761904
schelling	irrelevant_indicator	0.1	10	full_discovery	32	28	0.875	0.9785714285714286
schelling	irrelevant_indicator	0.1	11	full_discovery	32	28	0.875	0.9714285714285714
schelling	irrelevant_indicator	0.2	0	full_discovery	35	28	0.8	0.9619047619047618
schelling	irrelevant_indicator	0.2	1	full_discovery	35	29	0.8285714285714286	0.9689655172413794
schelling	irrelevant_indicator	0.2	2	full_discovery	35	30	0.8571428571428571	0.951111111111111
schelling	irrelevant_indicator	0.2	3	full_discovery	35	29	0.8285714285714286	0.9689655172413794
schelling	irrelevant_indicator	0.2	4	full_discovery	35	30	0.8571428571428571	0.962222222222222
schelling	irrelevant_indicator	0.2	5	full_discovery	35	28	0.8	0.9654761904761904
schelling	irrelevant_indicator	0.2	6	full_discovery	35	28	0.8	0.975
schelling	irrelevant_indicator	0.2	7	full_discovery	35	29	0.8285714285714286	0.9620689655172412
schelling	irrelevant_indicator	0.2	8	full_discovery	35	29	0.8285714285714286	0.9666666666666668
schelling	irrelevant_indicator	0.2	9	full_discovery	35	28	0.8	0.9726190476190476
schelling	irrelevant_indicator	0.2	10	full_discovery	35	29	0.8285714285714286	0.9620689655172414
schelling	irrelevant_indicator	0.2	11	full_discovery	35	30	0.8571428571428571	0.9711111111111108
schelling	irrelevant_indicator	0.4	0	full_discovery	41	30	0.7317073170731707	0.9388888888888888
schelling	irrelevant_indicator	0.4	1	full_discovery	41	28	0.6829268292682927	0.969047619047619
schelling	irrelevant_indicator	0.4	2	full_discovery	41	29	0.7073170731707317	0.9758620689655172
schelling	irrelevant_indicator	0.4	3	full_discovery	41	30	0.7317073170731707	0.9466666666666664
schelling	irrelevant_indicator	0.4	4	full_discovery	41	29	0.7073170731707317	0.964367816091954
schelling	irrelevant_indicator	0.4	5	full_discovery	41	29	0.7073170731707317	0.9609195402298848
schelling	irrelevant_indicator	0.4	6	full_discovery	41	32	0.7804878048780488	0.953125
schelling	irrelevant_indicator	0.4	7	full_discovery	41	29	0.7073170731707317	0.964367816091954
schelling	irrelevant_indicator	0.4	8	full_discovery	41	29	0.7073170731707317	0.964367816091954
schelling	irrelevant_indicator	0.4	9	full_discovery	41	33	0.8048780487804879	0.9323232323232324
schelling	irrelevant_indicator	0.4	10	full_discovery	41	30	0.7317073170731707	0.9522222222222222
schelling	irrelevant_indicator	0.4	11	full_discovery	41	30	0.7317073170731707	0.9633333333333332
schelling	redundant_semantic_indicator	0.0	0	full_discovery	29	28	0.9655172413793104	0.973809523809524
schelling	redundant_semantic_indicator	0.0	1	full_discovery	29	28	0.9655172413793104	0.9726190476190476
schelling	redundant_semantic_indicator	0.0	2	full_discovery	29	28	0.9655172413793104	0.9797619047619046
schelling	redundant_semantic_indicator	0.0	3	full_discovery	29	28	0.9655172413793104	0.9642857142857144
schelling	redundant_semantic_indicator	0.0	4	full_discovery	29	28	0.9655172413793104	0.9642857142857144
schelling	redundant_semantic_indicator	0.0	5	full_discovery	29	28	0.9655172413793104	0.975
schelling	redundant_semantic_indicator	0.0	6	full_discovery	29	28	0.9655172413793104	0.9714285714285712
schelling	redundant_semantic_indicator	0.0	7	full_discovery	29	28	0.9655172413793104	0.9666666666666666
schelling	redundant_semantic_indicator	0.0	8	full_discovery	29	28	0.9655172413793104	0.9714285714285712
schelling	redundant_semantic_indicator	0.0	9	full_discovery	29	28	0.9655172413793104	0.9773809523809522
schelling	redundant_semantic_indicator	0.0	10	full_discovery	29	28	0.9655172413793104	0.963095238095238
schelling	redundant_semantic_indicator	0.0	11	full_discovery	29	28	0.9655172413793104	0.9678571428571427
schelling	redundant_semantic_indicator	0.1	0	full_discovery	32	31	0.96875	0.9698924731182794
schelling	redundant_semantic_indicator	0.1	1	full_discovery	32	31	0.96875	0.953763440860215
schelling	redundant_semantic_indicator	0.1	2	full_discovery	32	31	0.96875	0.964516129032258
schelling	redundant_semantic_indicator	0.1	3	full_discovery	32	31	0.96875	0.9623655913978494
schelling	redundant_semantic_indicator	0.1	4	full_discovery	32	31	0.96875	0.9741935483870968
schelling	redundant_semantic_indicator	0.1	5	full_discovery	32	31	0.96875	0.9591397849462366
schelling	redundant_semantic_indicator	0.1	6	full_discovery	32	31	0.96875	0.958064516129032
schelling	redundant_semantic_indicator	0.1	7	full_discovery	32	31	0.96875	0.970967741935484
schelling	redundant_semantic_indicator	0.1	8	full_discovery	32	31	0.96875	0.9634408602150536
schelling	redundant_semantic_indicator	0.1	9	full_discovery	32	31	0.96875	0.9655913978494622
schelling	redundant_semantic_indicator	0.1	10	full_discovery	32	30	0.9375	0.9644444444444444
schelling	redundant_semantic_indicator	0.1	11	full_discovery	32	31	0.96875	0.9655913978494622
schelling	redundant_semantic_indicator	0.2	0	full_discovery	35	34	0.9714285714285714	0.9676470588235296
schelling	redundant_semantic_indicator	0.2	1	full_discovery	35	34	0.9714285714285714	0.973529411764706
schelling	redundant_semantic_indicator	0.2	2	full_discovery	35	34	0.9714285714285714	0.9705882352941176
schelling	redundant_semantic_indicator	0.2	3	full_discovery	35	34	0.9714285714285714	0.9598039215686276
schelling	redundant_semantic_indicator	0.2	4	full_discovery	35	34	0.9714285714285714	0.9725490196078432
schelling	redundant_semantic_indicator	0.2	5	full_discovery	35	34	0.9714285714285714	0.9519607843137255
schelling	redundant_semantic_indicator	0.2	6	full_discovery	35	34	0.9714285714285714	0.9705882352941176
schelling	redundant_semantic_indicator	0.2	7	full_discovery	35	33	0.9428571428571428	0.9767676767676768
schelling	redundant_semantic_indicator	0.2	8	full_discovery	35	34	0.9714285714285714	0.957843137254902
schelling	redundant_semantic_indicator	0.2	9	full_discovery	35	34	0.9714285714285714	0.9558823529411764
schelling	redundant_semantic_indicator	0.2	10	full_discovery	35	33	0.9428571428571428	0.9545454545454546
schelling	redundant_semantic_indicator	0.2	11	full_discovery	35	34	0.9714285714285714	0.9764705882352942
schelling	redundant_semantic_indicator	0.4	0	full_discovery	41	39	0.951219512195122	0.9743589743589746
schelling	redundant_semantic_indicator	0.4	1	full_discovery	41	39	0.951219512195122	0.9487179487179488
schelling	redundant_semantic_indicator	0.4	2	full_discovery	41	40	0.975609756097561	0.9583333333333334
schelling	redundant_semantic_indicator	0.4	3	full_discovery	41	39	0.951219512195122	0.9692307692307692
schelling	redundant_semantic_indicator	0.4	4	full_discovery	41	39	0.951219512195122	0.9623931623931624
schelling	redundant_semantic_indicator	0.4	5	full_discovery	41	40	0.975609756097561	0.9758333333333332
schelling	redundant_semantic_indicator	0.4	6	full_discovery	41	40	0.975609756097561	0.97
schelling	redundant_semantic_indicator	0.4	7	full_discovery	41	39	0.951219512195122	0.965811965811966
schelling	redundant_semantic_indicator	0.4	8	full_discovery	41	37	0.902439024390244	0.97027027027027
schelling	redundant_semantic_indicator	0.4	9	full_discovery	41	40	0.975609756097561	0.9675
schelling	redundant_semantic_indicator	0.4	10	full_discovery	41	40	0.975609756097561	0.9716666666666668
schelling	redundant_semantic_indicator	0.4	11	full_discovery	41	40	0.975609756097561	0.9666666666666668
schelling	wrong_hypothesis_group_assignment	0.0	0	full_discovery	29	28	0.9655172413793104	0.963095238095238
schelling	wrong_hypothesis_group_assignment	0.0	1	full_discovery	29	28	0.9655172413793104	0.9726190476190476
schelling	wrong_hypothesis_group_assignment	0.0	2	full_discovery	29	28	0.9655172413793104	0.9642857142857144
schelling	wrong_hypothesis_group_assignment	0.0	3	full_discovery	29	28	0.9655172413793104	0.969047619047619
schelling	wrong_hypothesis_group_assignment	0.0	4	full_discovery	29	28	0.9655172413793104	0.9571428571428572
schelling	wrong_hypothesis_group_assignment	0.0	5	full_discovery	29	28	0.9655172413793104	0.9654761904761904
schelling	wrong_hypothesis_group_assignment	0.0	6	full_discovery	29	28	0.9655172413793104	0.9654761904761904
schelling	wrong_hypothesis_group_assignment	0.0	7	full_discovery	29	28	0.9655172413793104	0.9761904761904762
schelling	wrong_hypothesis_group_assignment	0.0	8	full_discovery	29	28	0.9655172413793104	0.9595238095238096
schelling	wrong_hypothesis_group_assignment	0.0	9	full_discovery	29	28	0.9655172413793104	0.9738095238095238
schelling	wrong_hypothesis_group_assignment	0.0	10	full_discovery	29	28	0.9655172413793104	0.9690476190476188
schelling	wrong_hypothesis_group_assignment	0.0	11	full_discovery	29	28	0.9655172413793104	0.9607142857142856
schelling	wrong_hypothesis_group_assignment	0.1	0	full_discovery	29	27	0.9310344827586208	0.974074074074074
schelling	wrong_hypothesis_group_assignment	0.1	1	full_discovery	29	28	0.9655172413793104	0.973809523809524
schelling	wrong_hypothesis_group_assignment	0.1	2	full_discovery	29	27	0.9310344827586208	0.980246913580247
schelling	wrong_hypothesis_group_assignment	0.1	3	full_discovery	29	28	0.9655172413793104	0.9738095238095238
schelling	wrong_hypothesis_group_assignment	0.1	4	full_discovery	29	27	0.9310344827586208	0.9777777777777776
schelling	wrong_hypothesis_group_assignment	0.1	5	full_discovery	29	28	0.9655172413793104	0.9678571428571427
schelling	wrong_hypothesis_group_assignment	0.1	6	full_discovery	29	28	0.9655172413793104	0.969047619047619
schelling	wrong_hypothesis_group_assignment	0.1	7	full_discovery	29	28	0.9655172413793104	0.9845238095238096
schelling	wrong_hypothesis_group_assignment	0.1	8	full_discovery	29	27	0.9310344827586208	0.971604938271605
schelling	wrong_hypothesis_group_assignment	0.1	9	full_discovery	29	28	0.9655172413793104	0.9666666666666668
schelling	wrong_hypothesis_group_assignment	0.1	10	full_discovery	29	28	0.9655172413793104	0.9821428571428572
schelling	wrong_hypothesis_group_assignment	0.1	11	full_discovery	29	28	0.9655172413793104	0.975
schelling	wrong_hypothesis_group_assignment	0.2	0	full_discovery	29	28	0.9655172413793104	0.9797619047619048
schelling	wrong_hypothesis_group_assignment	0.2	1	full_discovery	29	28	0.9655172413793104	0.9666666666666668
schelling	wrong_hypothesis_group_assignment	0.2	2	full_discovery	29	28	0.9655172413793104	0.9773809523809522
schelling	wrong_hypothesis_group_assignment	0.2	3	full_discovery	29	27	0.9310344827586208	0.9679012345679012
schelling	wrong_hypothesis_group_assignment	0.2	4	full_discovery	29	28	0.9655172413793104	0.9821428571428572
schelling	wrong_hypothesis_group_assignment	0.2	5	full_discovery	29	28	0.9655172413793104	0.969047619047619
schelling	wrong_hypothesis_group_assignment	0.2	6	full_discovery	29	27	0.9310344827586208	0.971604938271605
schelling	wrong_hypothesis_group_assignment	0.2	7	full_discovery	29	28	0.9655172413793104	0.9761904761904762
schelling	wrong_hypothesis_group_assignment	0.2	8	full_discovery	29	28	0.9655172413793104	0.9666666666666668
schelling	wrong_hypothesis_group_assignment	0.2	9	full_discovery	29	28	0.9655172413793104	0.9738095238095236
schelling	wrong_hypothesis_group_assignment	0.2	10	full_discovery	29	28	0.9655172413793104	0.9666666666666668
schelling	wrong_hypothesis_group_assignment	0.2	11	full_discovery	29	28	0.9655172413793104	0.9702380952380952
schelling	wrong_hypothesis_group_assignment	0.4	0	full_discovery	28	27	0.9642857142857144	0.9444444444444444
schelling	wrong_hypothesis_group_assignment	0.4	1	full_discovery	29	28	0.9655172413793104	0.9773809523809524
schelling	wrong_hypothesis_group_assignment	0.4	2	full_discovery	29	28	0.9655172413793104	0.975
schelling	wrong_hypothesis_group_assignment	0.4	3	full_discovery	29	28	0.9655172413793104	0.9595238095238096
schelling	wrong_hypothesis_group_assignment	0.4	4	full_discovery	29	27	0.9310344827586208	0.9753086419753088
schelling	wrong_hypothesis_group_assignment	0.4	5	full_discovery	29	28	0.9655172413793104	0.9738095238095238
schelling	wrong_hypothesis_group_assignment	0.4	6	full_discovery	29	28	0.9655172413793104	0.973809523809524
schelling	wrong_hypothesis_group_assignment	0.4	7	full_discovery	29	28	0.9655172413793104	0.9702380952380956
schelling	wrong_hypothesis_group_assignment	0.4	8	full_discovery	28	27	0.9642857142857144	0.9629629629629628
schelling	wrong_hypothesis_group_assignment	0.4	9	full_discovery	29	28	0.9655172413793104	0.9726190476190476
schelling	wrong_hypothesis_group_assignment	0.4	10	full_discovery	29	28	0.9655172413793104	0.969047619047619
schelling	wrong_hypothesis_group_assignment	0.4	11	full_discovery	28	27	0.9642857142857144	0.971604938271605
