scenario,method,hypothesis_group_id,root_source,edge_source,edge_target,source,target,parameter,direction,manipulation_level,manipulation_success,source_significant,target_significant,propagation_order_supported,primary_class,underlying_class,intervention_scope,root_onset,source_onset,target_onset,intervention_delay,observational_lag,observational_beta,lag_difference,temporal_direction_concordant,lag_concordant,root_effect,source_effect,target_effect,not_applicable_reason
deffuant,unrestricted_temporal_search,unrestricted,,d_macro_0,d_macro_1,d_macro_0,d_macro_1,,,none,False,False,False,False,not_applicable,not_applicable,none,-1,-1,-1,,3,0.0446022682562725,,,,,,,no_legal_upstream_micro_manipulation_root
deffuant,unrestricted_temporal_search,unrestricted,,d_macro_0,d_macro_2,d_macro_0,d_macro_2,,,none,False,False,False,False,not_applicable,not_applicable,none,-1,-1,-1,,1,-0.06416172785516912,,,,,,,no_legal_upstream_micro_manipulation_root
deffuant,unrestricted_temporal_search,unrestricted,,d_macro_0,d_meso_2,d_macro_0,d_meso_2,,,none,False,False,False,False,not_applicable,not_applicable,none,-1,-1,-1,,1,0.02434532893580355,,,,,,,no_legal_upstream_micro_manipulation_root
deffuant,unrestricted_temporal_search,unrestricted,,d_macro_0,d_micro_assimilation,d_macro_0,d_micro_assimilation,,,none,False,False,False,False,not_applicable,not_applicable,none,-1,-1,-1,,4,0.05417497667188195,,,,,,,no_legal_upstream_micro_manipulation_root
deffuant,unrestricted_temporal_search,unrestricted,,d_macro_0,d_micro_repulsion,d_macro_0,d_micro_repulsion,,,none,False,False,False,False,not_applicable,not_applicable,none,-1,-1,-1,,4,-0.051950275356544964,,,,,,,no_legal_upstream_micro_manipulation_root
deffuant,unrestricted_temporal_search,unrestricted,,d_macro_1,d_macro_0,d_macro_1,d_macro_0,,,none,False,False,False,False,not_applicable,not_applicable,none,-1,-1,-1,,1,0.111230525876827,,,,,,,no_legal_upstream_micro_manipulation_root
deffuant,unrestricted_temporal_search,unrestricted,,d_macro_1,d_meso_2,d_macro_1,d_meso_2,,,none,False,False,False,False,not_applicable,not_applicable,none,-1,-1,-1,,2,-0.06189188762610889,,,,,,,no_legal_upstream_micro_manipulation_root
deffuant,unrestricted_temporal_search,unrestricted,,d_macro_1,d_micro_assimilation,d_macro_1,d_micro_assimilation,,,none,False,False,False,False,not_applicable,not_applicable,none,-1,-1,-1,,1,-0.0369267367777447,,,,,,,no_legal_upstream_micro_manipulation_root
deffuant,unrestricted_temporal_search,unrestricted,,d_macro_2,d_macro_0,d_macro_2,d_macro_0,,,none,False,False,False,False,not_applicable,not_applicable,none,-1,-1,-1,,1,-0.07714539624520202,,,,,,,no_legal_upstream_micro_manipulation_root
deffuant,unrestricted_temporal_search,unrestricted,,d_macro_2,d_macro_1,d_macro_2,d_macro_1,,,none,False,False,False,False,not_applicable,not_applicable,none,-1,-1,-1,,5,-0.08032219111305024,,,,,,,no_legal_upstream_micro_manipulation_root
deffuant,unrestricted_temporal_search,unrestricted,,d_macro_2,d_meso_0,d_macro_2,d_meso_0,,,none,False,False,False,False,not_applicable,not_applicable,none,-1,-1,-1,,1,-0.03019198754146642,,,,,,,no_legal_upstream_micro_manipulation_root
deffuant,unrestricted_temporal_search,unrestricted,,d_macro_3,d_meso_2,d_macro_3,d_meso_2,,,none,False,False,False,False,not_applicable,not_applicable,none,-1,-1,-1,,4,0.04027341106718916,,,,,,,no_legal_upstream_micro_manipulation_root
deffuant,unrestricted_temporal_search,unrestricted,,d_macro_3,d_micro_repulsion,d_macro_3,d_micro_repulsion,,,none,False,False,False,False,not_applicable,not_applicable,none,-1,-1,-1,,5,0.06982283708728905,,,,,,,no_legal_upstream_micro_manipulation_root
deffuant,unrestricted_temporal_search,unrestricted,,d_macro_3,d_micro_shift,d_macro_3,d_micro_shift,,,none,False,False,False,False,not_applicable,not_applicable,none,-1,-1,-1,,5,-0.06328137664308546,,,,,,,no_legal_upstream_micro_manipulation_root
deffuant,unrestricted_temporal_search,unrestricted,d_micro_assimilation,d_meso_0,d_macro_0,d_meso_0,d_macro_0,confidence_bound,minus,micro,True,True,True,True,supported,supported,upstream_mediated,0,1,3,2.0,2,0.31245414997298254,0.0,True,True,-0.8313759904925954,-0.7154878685723034,-1.3586201874470116,
deffuant,unrestricted_temporal_search,unrestricted,d_micro_assimilation,d_meso_0,d_macro_0,d_meso_0,d_macro_0,confidence_bound,plus,micro,True,True,True,True,supported,supported,upstream_mediated,0,1,3,2.0,2,0.31245414997298254,0.0,True,True,0.6414189382753075,0.5894890890492422,4.720456307209286,
deffuant,unrestricted_temporal_search,unrestricted,,d_meso_0,d_macro_1,d_meso_0,d_macro_1,,,none,False,False,False,False,not_applicable,not_applicable,none,-1,-1,-1,,5,-0.0488315232434397,,,,,,,no_legal_upstream_micro_manipulation_root
deffuant,unrestricted_temporal_search,unrestricted,,d_meso_0,d_macro_2,d_meso_0,d_macro_2,,,none,False,False,False,False,not_applicable,not_applicable,none,-1,-1,-1,,5,0.05726679067627569,,,,,,,no_legal_upstream_micro_manipulation_root
deffuant,unrestricted_temporal_search,unrestricted,,d_meso_0,d_micro_assimilation,d_meso_0,d_micro_assimilation,,,none,False,False,False,False,not_applicable,not_applicable,none,-1,-1,-1,,5,0.070284788096942,,,,,,,no_legal_upstream_micro_manipulation_root
deffuant,unrestricted_temporal_search,unrestricted,,d_meso_0,d_micro_repulsion,d_meso_0,d_micro_repulsion,,,none,False,False,False,False,not_applicable,not_applicable,none,-1,-1,-1,,5,-0.07627776276669648,,,,,,,no_legal_upstream_micro_manipulation_root
deffuant,unrestricted_temporal_search,unrestricted,d_micro_shift,d_meso_1,d_macro_1,d_meso_1,d_macro_1,assimilation_strength,minus,micro,False,False,False,True,manipulation_failure,manipulation_failure,upstream_mediated,0,2,6,4.0,3,0.10294669466872643,1.0,True,True,-0.08623456846061121,-0.0240320091550645,-0.040212606061237284,
deffuant,unrestricted_temporal_search,unrestricted,d_micro_shift,d_meso_1,d_macro_1,d_meso_1,d_macro_1,assimilation_strength,plus,micro,True,False,False,True,no_stable_downstream_effect,no_stable_downstream_effect,upstream_mediated,0,2,7,5.0,3,0.10294669466872643,2.0,True,True,0.21271035514056394,0.04955711733649698,0.04692151546669036,
deffuant,unrestricted_temporal_search,unrestricted,,d_meso_1,d_micro_assimilation,d_meso_1,d_micro_assimilation,,,none,False,False,False,False,not_applicable,not_applicable,none,-1,-1,-1,,5,0.022904700344113196,,,,,,,no_legal_upstream_micro_manipulation_root
deffuant,unrestricted_temporal_search,unrestricted,d_micro_repulsion,d_meso_2,d_macro_2,d_meso_2,d_macro_2,backfire_threshold,minus,micro,False,False,True,True,manipulation_failure,manipulation_failure,upstream_mediated,0,3,7,4.0,4,0.31181077370008203,0.0,True,True,0.084013836920408,0.09421754332112713,0.46091591535528426,
deffuant,unrestricted_temporal_search,unrestricted,d_micro_repulsion,d_meso_2,d_macro_2,d_meso_2,d_macro_2,backfire_threshold,plus,micro,True,True,True,True,supported,supported,upstream_mediated,0,3,7,4.0,4,0.31181077370008203,0.0,True,True,-0.48708574696528045,-0.4418177425784046,-1.598086352657563,
deffuant,unrestricted_temporal_search,unrestricted,,d_meso_2,d_micro_assimilation,d_meso_2,d_micro_assimilation,,,none,False,False,False,False,not_applicable,not_applicable,none,-1,-1,-1,,5,-0.046279296136149825,,,,,,,no_legal_upstream_micro_manipulation_root
deffuant,unrestricted_temporal_search,unrestricted,,d_meso_2,d_micro_repulsion,d_meso_2,d_micro_repulsion,,,none,False,False,False,False,not_applicable,not_applicable,none,-1,-1,-1,,5,0.07803865588463536,,,,,,,no_legal_upstream_micro_manipulation_root
deffuant,unrestricted_temporal_search,unrestricted,,d_meso_2,d_micro_rewiring,d_meso_2,d_micro_rewiring,,,none,False,False,False,False,not_applicable,not_applicable,none,-1,-1,-1,,1,0.22229277005624393,,,,,,,no_legal_upstream_micro_manipulation_root
deffuant,unrestricted_temporal_search,unrestricted,,d_meso_3,d_macro_2,d_meso_3,d_macro_2,,,none,False,False,False,False,not_applicable,not_applicable,none,-1,-1,-1,,5,0.02466940578469267,,,,,,,no_legal_upstream_micro_manipulation_root
deffuant,unrestricted_temporal_search,unrestricted,,d_meso_3,d_macro_3,d_meso_3,d_macro_3,,,none,False,False,False,False,not_applicable,not_applicable,none,-1,-1,-1,,5,0.2458328999536612,,,,,,,no_legal_upstream_micro_manipulation_root
deffuant,unrestricted_temporal_search,unrestricted,,d_meso_3,d_micro_assimilation,d_meso_3,d_micro_assimilation,,,none,False,False,False,False,not_applicable,not_applicable,none,-1,-1,-1,,3,0.043092386686543895,,,,,,,no_legal_upstream_micro_manipulation_root
deffuant,unrestricted_temporal_search,unrestricted,,d_meso_3,d_micro_repulsion,d_meso_3,d_micro_repulsion,,,none,False,False,False,False,not_applicable,not_applicable,none,-1,-1,-1,,3,-0.04978631688610321,,,,,,,no_legal_upstream_micro_manipulation_root
deffuant,unrestricted_temporal_search,unrestricted,,d_meso_3,d_micro_shift,d_meso_3,d_micro_shift,,,none,False,False,False,False,not_applicable,not_applicable,none,-1,-1,-1,,1,-0.012440952589745452,,,,,,,no_legal_upstream_micro_manipulation_root
deffuant,unrestricted_temporal_search,unrestricted,,d_micro_assimilation,d_macro_1,d_micro_assimilation,d_macro_1,,,none,False,False,False,False,not_applicable,not_applicable,none,-1,-1,-1,,3,-0.08124171786685616,,,,,,,no_legal_upstream_micro_manipulation_root
deffuant,unrestricted_temporal_search,unrestricted,,d_micro_assimilation,d_macro_2,d_micro_assimilation,d_macro_2,,,none,False,False,False,False,not_applicable,not_applicable,none,-1,-1,-1,,4,0.08862750244476897,,,,,,,no_legal_upstream_micro_manipulation_root
deffuant,unrestricted_temporal_search,unrestricted,d_micro_assimilation,d_micro_assimilation,d_meso_0,d_micro_assimilation,d_meso_0,confidence_bound,minus,micro,True,True,True,True,supported,supported,direct_root,0,0,1,1.0,1,0.5794595778919156,0.0,True,True,-0.8313759904925954,-0.8313759904925954,-0.7154878685723034,
deffuant,unrestricted_temporal_search,unrestricted,d_micro_assimilation,d_micro_assimilation,d_meso_0,d_micro_assimilation,d_meso_0,confidence_bound,plus,micro,True,True,True,True,supported,supported,direct_root,0,0,1,1.0,1,0.5794595778919156,0.0,True,True,0.6414189382753075,0.6414189382753075,0.5894890890492422,
deffuant,unrestricted_temporal_search,unrestricted,d_micro_assimilation,d_micro_assimilation,d_meso_3,d_micro_assimilation,d_meso_3,confidence_bound,minus,micro,True,True,True,True,directionally_contradicted,directionally_contradicted,direct_root,0,0,5,5.0,5,0.4387349225216581,0.0,False,True,-0.8313759904925954,-0.8313759904925954,0.4810546090893742,
deffuant,unrestricted_temporal_search,unrestricted,d_micro_assimilation,d_micro_assimilation,d_meso_3,d_micro_assimilation,d_meso_3,confidence_bound,plus,micro,True,True,True,True,directionally_contradicted,directionally_contradicted,direct_root,0,0,4,4.0,5,0.4387349225216581,-1.0,False,True,0.6414189382753075,0.6414189382753075,-0.37806648738151455,
deffuant,unrestricted_temporal_search,unrestricted,,d_micro_assimilation,d_micro_repulsion,d_micro_assimilation,d_micro_repulsion,,,none,False,False,False,False,not_applicable,not_applicable,none,-1,-1,-1,,5,-0.18964291238175232,,,,,,,no_legal_upstream_micro_manipulation_root
deffuant,unrestricted_temporal_search,unrestricted,,d_micro_assimilation,d_micro_rewiring,d_micro_assimilation,d_micro_rewiring,,,none,False,False,False,False,not_applicable,not_applicable,none,-1,-1,-1,,1,-0.5881201135126447,,,,,,,no_legal_upstream_micro_manipulation_root
deffuant,unrestricted_temporal_search,unrestricted,,d_micro_assimilation,d_micro_shift,d_micro_assimilation,d_micro_shift,,,none,False,False,False,False,not_applicable,not_applicable,none,-1,-1,-1,,4,-0.13515472794019145,,,,,,,no_legal_upstream_micro_manipulation_root
deffuant,unrestricted_temporal_search,unrestricted,d_micro_repulsion,d_micro_repulsion,d_meso_2,d_micro_repulsion,d_meso_2,backfire_threshold,minus,micro,False,False,False,True,manipulation_failure,manipulation_failure,direct_root,0,0,3,3.0,3,0.467095017322055,0.0,True,True,0.084013836920408,0.084013836920408,0.09421754332112713,
deffuant,unrestricted_temporal_search,unrestricted,d_micro_repulsion,d_micro_repulsion,d_meso_2,d_micro_repulsion,d_meso_2,backfire_threshold,plus,micro,True,True,True,True,supported,supported,direct_root,0,0,3,3.0,3,0.467095017322055,0.0,True,True,-0.48708574696528045,-0.48708574696528045,-0.4418177425784046,
deffuant,unrestricted_temporal_search,unrestricted,d_micro_repulsion,d_micro_repulsion,d_meso_3,d_micro_repulsion,d_meso_3,backfire_threshold,minus,micro,False,False,False,False,manipulation_failure,manipulation_failure,direct_root,0,0,-1,,5,0.28348315166844384,,False,,0.084013836920408,0.084013836920408,-0.007422182030206982,
deffuant,unrestricted_temporal_search,unrestricted,d_micro_repulsion,d_micro_repulsion,d_meso_3,d_micro_repulsion,d_meso_3,backfire_threshold,plus,micro,True,True,False,False,no_stable_downstream_effect,no_stable_downstream_effect,direct_root,0,0,-1,,5,0.28348315166844384,,False,,-0.48708574696528045,-0.48708574696528045,0.012629292961877231,
deffuant,unrestricted_temporal_search,unrestricted,,d_micro_repulsion,d_micro_assimilation,d_micro_repulsion,d_micro_assimilation,,,none,False,False,False,False,not_applicable,not_applicable,none,-1,-1,-1,,1,0.10071574522954482,,,,,,,no_legal_upstream_micro_manipulation_root
deffuant,unrestricted_temporal_search,unrestricted,,d_micro_repulsion,d_micro_rewiring,d_micro_repulsion,d_micro_rewiring,,,none,False,False,False,False,not_applicable,not_applicable,none,-1,-1,-1,,1,-0.23668604030167775,,,,,,,no_legal_upstream_micro_manipulation_root
deffuant,unrestricted_temporal_search,unrestricted,,d_micro_repulsion,d_micro_shift,d_micro_repulsion,d_micro_shift,,,none,False,False,False,False,not_applicable,not_applicable,none,-1,-1,-1,,4,-0.07523212771758765,,,,,,,no_legal_upstream_micro_manipulation_root
deffuant,unrestricted_temporal_search,unrestricted,,d_micro_rewiring,d_macro_1,d_micro_rewiring,d_macro_1,,,none,False,False,False,False,not_applicable,not_applicable,none,-1,-1,-1,,1,0.019028665742629892,,,,,,,no_legal_upstream_micro_manipulation_root
deffuant,unrestricted_temporal_search,unrestricted,,d_micro_rewiring,d_meso_1,d_micro_rewiring,d_meso_1,,,none,False,False,False,False,not_applicable,not_applicable,none,-1,-1,-1,,3,0.08860384698535086,,,,,,,no_legal_upstream_micro_manipulation_root
deffuant,unrestricted_temporal_search,unrestricted,,d_micro_rewiring,d_meso_3,d_micro_rewiring,d_meso_3,,,none,False,False,False,False,not_applicable,not_applicable,none,-1,-1,-1,,5,0.28783077335088236,,,,,,,no_legal_upstream_micro_manipulation_root
deffuant,unrestricted_temporal_search,unrestricted,,d_micro_rewiring,d_micro_assimilation,d_micro_rewiring,d_micro_assimilation,,,none,False,False,False,False,not_applicable,not_applicable,none,-1,-1,-1,,1,0.043223080860011455,,,,,,,no_legal_upstream_micro_manipulation_root
deffuant,unrestricted_temporal_search,unrestricted,,d_micro_rewiring,d_micro_repulsion,d_micro_rewiring,d_micro_repulsion,,,none,False,False,False,False,not_applicable,not_applicable,none,-1,-1,-1,,3,-0.039872247992620624,,,,,,,no_legal_upstream_micro_manipulation_root
deffuant,unrestricted_temporal_search,unrestricted,,d_micro_rewiring,d_micro_shift,d_micro_rewiring,d_micro_shift,,,none,False,False,False,False,not_applicable,not_applicable,none,-1,-1,-1,,1,0.03446046358017287,,,,,,,no_legal_upstream_micro_manipulation_root
deffuant,unrestricted_temporal_search,unrestricted,,d_micro_shift,d_macro_1,d_micro_shift,d_macro_1,,,none,False,False,False,False,not_applicable,not_applicable,none,-1,-1,-1,,4,0.07920963198819325,,,,,,,no_legal_upstream_micro_manipulation_root
deffuant,unrestricted_temporal_search,unrestricted,d_micro_shift,d_micro_shift,d_meso_1,d_micro_shift,d_meso_1,assimilation_strength,minus,micro,False,False,False,True,manipulation_failure,manipulation_failure,direct_root,0,0,2,2.0,2,0.1468673837228184,0.0,True,True,-0.08623456846061121,-0.08623456846061121,-0.0240320091550645,
deffuant,unrestricted_temporal_search,unrestricted,d_micro_shift,d_micro_shift,d_meso_1,d_micro_shift,d_meso_1,assimilation_strength,plus,micro,True,True,False,True,no_stable_downstream_effect,no_stable_downstream_effect,direct_root,0,0,2,2.0,2,0.1468673837228184,0.0,True,True,0.21271035514056394,0.21271035514056394,0.04955711733649698,
deffuant,unrestricted_temporal_search,unrestricted,d_micro_shift,d_micro_shift,d_meso_2,d_micro_shift,d_meso_2,assimilation_strength,minus,micro,False,False,False,False,manipulation_failure,manipulation_failure,direct_root,0,0,-1,,3,0.037104230290614326,,False,,-0.08623456846061121,-0.08623456846061121,0.011640455995777059,
deffuant,unrestricted_temporal_search,unrestricted,d_micro_shift,d_micro_shift,d_meso_2,d_micro_shift,d_meso_2,assimilation_strength,plus,micro,True,True,False,False,no_stable_downstream_effect,no_stable_downstream_effect,direct_root,0,0,-1,,3,0.037104230290614326,,False,,0.21271035514056394,0.21271035514056394,-0.006803611391688834,
deffuant,unrestricted_temporal_search,unrestricted,,d_micro_shift,d_micro_assimilation,d_micro_shift,d_micro_assimilation,,,none,False,False,False,False,not_applicable,not_applicable,none,-1,-1,-1,,5,-0.047018116636215634,,,,,,,no_legal_upstream_micro_manipulation_root
deffuant,unrestricted_temporal_search,unrestricted,,d_micro_shift,d_micro_repulsion,d_micro_shift,d_micro_repulsion,,,none,False,False,False,False,not_applicable,not_applicable,none,-1,-1,-1,,5,0.15628610720794325,,,,,,,no_legal_upstream_micro_manipulation_root
deffuant,unrestricted_temporal_search,unrestricted,,d_micro_shift,d_micro_rewiring,d_micro_shift,d_micro_rewiring,,,none,False,False,False,False,not_applicable,not_applicable,none,-1,-1,-1,,5,0.25333672355725023,,,,,,,no_legal_upstream_micro_manipulation_root
deffuant,single_trajectory,macro_outcome_d_macro_0,d_micro_assimilation,d_meso_0,d_macro_0,d_meso_0,d_macro_0,confidence_bound,minus,micro,True,True,True,True,supported,supported,upstream_mediated,0,1,3,2.0,2,0.23105292802052582,0.0,True,True,-0.8313759904925954,-0.7154878685723034,-1.3586201874470116,
deffuant,single_trajectory,macro_outcome_d_macro_0,d_micro_assimilation,d_meso_0,d_macro_0,d_meso_0,d_macro_0,confidence_bound,plus,micro,True,True,True,True,supported,supported,upstream_mediated,0,1,3,2.0,2,0.23105292802052582,0.0,True,True,0.6414189382753075,0.5894890890492422,4.720456307209286,
deffuant,single_trajectory,macro_outcome_d_macro_0,d_micro_assimilation,d_micro_assimilation,d_meso_0,d_micro_assimilation,d_meso_0,confidence_bound,minus,micro,True,True,True,True,supported,supported,direct_root,0,0,1,1.0,1,0.8305865395179862,0.0,True,True,-0.8313759904925954,-0.8313759904925954,-0.7154878685723034,
deffuant,single_trajectory,macro_outcome_d_macro_0,d_micro_assimilation,d_micro_assimilation,d_meso_0,d_micro_assimilation,d_meso_0,confidence_bound,plus,micro,True,True,True,True,supported,supported,direct_root,0,0,1,1.0,1,0.8305865395179862,0.0,True,True,0.6414189382753075,0.6414189382753075,0.5894890890492422,
deffuant,single_trajectory,macro_outcome_d_macro_1,d_micro_shift,d_meso_1,d_macro_1,d_meso_1,d_macro_1,assimilation_strength,minus,micro,False,False,False,True,manipulation_failure,manipulation_failure,upstream_mediated,0,2,6,4.0,3,0.1446198589435031,1.0,True,True,-0.08623456846061121,-0.0240320091550645,-0.040212606061237284,
deffuant,single_trajectory,macro_outcome_d_macro_1,d_micro_shift,d_meso_1,d_macro_1,d_meso_1,d_macro_1,assimilation_strength,plus,micro,True,False,False,True,no_stable_downstream_effect,no_stable_downstream_effect,upstream_mediated,0,2,7,5.0,3,0.1446198589435031,2.0,True,True,0.21271035514056394,0.04955711733649698,0.04692151546669036,
deffuant,single_trajectory,macro_outcome_d_macro_2,d_micro_repulsion,d_meso_2,d_macro_2,d_meso_2,d_macro_2,backfire_threshold,minus,micro,False,False,True,True,manipulation_failure,manipulation_failure,upstream_mediated,0,3,7,4.0,4,0.3154929472068239,0.0,True,True,0.084013836920408,0.09421754332112713,0.46091591535528426,
deffuant,single_trajectory,macro_outcome_d_macro_2,d_micro_repulsion,d_meso_2,d_macro_2,d_meso_2,d_macro_2,backfire_threshold,plus,micro,True,True,True,True,supported,supported,upstream_mediated,0,3,7,4.0,4,0.3154929472068239,0.0,True,True,-0.48708574696528045,-0.4418177425784046,-1.598086352657563,
deffuant,single_trajectory,macro_outcome_d_macro_2,d_micro_repulsion,d_micro_repulsion,d_meso_2,d_micro_repulsion,d_meso_2,backfire_threshold,minus,micro,False,False,False,True,manipulation_failure,manipulation_failure,direct_root,0,0,3,3.0,3,0.3683223063903989,0.0,True,True,0.084013836920408,0.084013836920408,0.09421754332112713,
deffuant,single_trajectory,macro_outcome_d_macro_2,d_micro_repulsion,d_micro_repulsion,d_meso_2,d_micro_repulsion,d_meso_2,backfire_threshold,plus,micro,True,True,True,True,supported,supported,direct_root,0,0,3,3.0,3,0.3683223063903989,0.0,True,True,-0.48708574696528045,-0.48708574696528045,-0.4418177425784046,
deffuant,single_trajectory,macro_outcome_d_macro_3,,d_meso_2,d_macro_3,d_meso_2,d_macro_3,,,none,False,False,False,False,not_applicable,not_applicable,none,-1,-1,-1,,1,-0.11294643578017775,,,,,,,no_legal_upstream_micro_manipulation_root
deffuant,single_trajectory,macro_outcome_d_macro_3,,d_meso_3,d_macro_3,d_meso_3,d_macro_3,,,none,False,False,False,False,not_applicable,not_applicable,none,-1,-1,-1,,5,0.21298404132052415,,,,,,,no_legal_upstream_micro_manipulation_root
deffuant,single_trajectory,macro_outcome_d_macro_3,,d_micro_rewiring,d_meso_3,d_micro_rewiring,d_meso_3,,,none,False,False,False,False,not_applicable,not_applicable,none,-1,-1,-1,,5,0.25044592399260984,,,,,,,no_legal_upstream_micro_manipulation_root
deffuant,trajectory_vote,macro_outcome_d_macro_0,d_micro_assimilation,d_meso_0,d_macro_0,d_meso_0,d_macro_0,confidence_bound,minus,micro,True,True,True,True,supported,supported,upstream_mediated,0,1,3,2.0,2,0.4122524445626219,0.0,True,True,-0.8313759904925954,-0.7154878685723034,-1.3586201874470116,
deffuant,trajectory_vote,macro_outcome_d_macro_0,d_micro_assimilation,d_meso_0,d_macro_0,d_meso_0,d_macro_0,confidence_bound,plus,micro,True,True,True,True,supported,supported,upstream_mediated,0,1,3,2.0,2,0.4122524445626219,0.0,True,True,0.6414189382753075,0.5894890890492422,4.720456307209286,
deffuant,trajectory_vote,macro_outcome_d_macro_1,d_micro_shift,d_meso_1,d_macro_1,d_meso_1,d_macro_1,assimilation_strength,minus,micro,False,False,False,True,manipulation_failure,manipulation_failure,upstream_mediated,0,2,6,4.0,3,0.11042824608733423,1.0,True,True,-0.08623456846061121,-0.0240320091550645,-0.040212606061237284,
deffuant,trajectory_vote,macro_outcome_d_macro_1,d_micro_shift,d_meso_1,d_macro_1,d_meso_1,d_macro_1,assimilation_strength,plus,micro,True,False,False,True,no_stable_downstream_effect,no_stable_downstream_effect,upstream_mediated,0,2,7,5.0,3,0.11042824608733423,2.0,True,True,0.21271035514056394,0.04955711733649698,0.04692151546669036,
deffuant,trajectory_vote,macro_outcome_d_macro_2,d_micro_repulsion,d_meso_2,d_macro_2,d_meso_2,d_macro_2,backfire_threshold,minus,micro,False,False,True,True,manipulation_failure,manipulation_failure,upstream_mediated,0,3,7,4.0,4,0.316833767284804,0.0,True,True,0.084013836920408,0.09421754332112713,0.46091591535528426,
deffuant,trajectory_vote,macro_outcome_d_macro_2,d_micro_repulsion,d_meso_2,d_macro_2,d_meso_2,d_macro_2,backfire_threshold,plus,micro,True,True,True,True,supported,supported,upstream_mediated,0,3,7,4.0,4,0.316833767284804,0.0,True,True,-0.48708574696528045,-0.4418177425784046,-1.598086352657563,
deffuant,trajectory_vote,macro_outcome_d_macro_3,,d_meso_3,d_macro_3,d_meso_3,d_macro_3,,,none,False,False,False,False,not_applicable,not_applicable,none,-1,-1,-1,,5,0.264762048407536,,,,,,,no_legal_upstream_micro_manipulation_root
deffuant,trajectory_vote,macro_outcome_d_macro_0,d_micro_assimilation,d_micro_assimilation,d_meso_0,d_micro_assimilation,d_meso_0,confidence_bound,minus,micro,True,True,True,True,supported,supported,direct_root,0,0,1,1.0,1,0.5840388503344309,0.0,True,True,-0.8313759904925954,-0.8313759904925954,-0.7154878685723034,
deffuant,trajectory_vote,macro_outcome_d_macro_0,d_micro_assimilation,d_micro_assimilation,d_meso_0,d_micro_assimilation,d_meso_0,confidence_bound,plus,micro,True,True,True,True,supported,supported,direct_root,0,0,1,1.0,1,0.5840388503344309,0.0,True,True,0.6414189382753075,0.6414189382753075,0.5894890890492422,
deffuant,trajectory_vote,macro_outcome_d_macro_2,d_micro_repulsion,d_micro_repulsion,d_meso_2,d_micro_repulsion,d_meso_2,backfire_threshold,minus,micro,False,False,False,True,manipulation_failure,manipulation_failure,direct_root,0,0,3,3.0,3,0.4765236768933674,0.0,True,True,0.084013836920408,0.084013836920408,0.09421754332112713,
deffuant,trajectory_vote,macro_outcome_d_macro_2,d_micro_repulsion,d_micro_repulsion,d_meso_2,d_micro_repulsion,d_meso_2,backfire_threshold,plus,micro,True,True,True,True,supported,supported,direct_root,0,0,3,3.0,3,0.4765236768933674,0.0,True,True,-0.48708574696528045,-0.48708574696528045,-0.4418177425784046,
deffuant,trajectory_vote,macro_outcome_d_macro_3,,d_micro_rewiring,d_meso_3,d_micro_rewiring,d_meso_3,,,none,False,False,False,False,not_applicable,not_applicable,none,-1,-1,-1,,5,0.31219482546131455,,,,,,,no_legal_upstream_micro_manipulation_root
deffuant,full_method,macro_outcome_d_macro_0,d_micro_assimilation,d_meso_0,d_macro_0,d_meso_0,d_macro_0,confidence_bound,minus,micro,True,True,True,True,supported,supported,upstream_mediated,0,1,3,2.0,2,0.39708246517609913,0.0,True,True,-0.8313759904925954,-0.7154878685723034,-1.3586201874470116,
deffuant,full_method,macro_outcome_d_macro_0,d_micro_assimilation,d_meso_0,d_macro_0,d_meso_0,d_macro_0,confidence_bound,plus,micro,True,True,True,True,supported,supported,upstream_mediated,0,1,3,2.0,2,0.39708246517609913,0.0,True,True,0.6414189382753075,0.5894890890492422,4.720456307209286,
deffuant,full_method,macro_outcome_d_macro_0,,d_meso_3,d_macro_0,d_meso_3,d_macro_0,,,none,False,False,False,False,not_applicable,not_applicable,none,-1,-1,-1,,5,-0.02532457588780123,,,,,,,no_legal_upstream_micro_manipulation_root
deffuant,full_method,macro_outcome_d_macro_0,d_micro_assimilation,d_micro_assimilation,d_meso_0,d_micro_assimilation,d_meso_0,confidence_bound,minus,micro,True,True,True,True,supported,supported,direct_root,0,0,1,1.0,1,0.5479527525768131,0.0,True,True,-0.8313759904925954,-0.8313759904925954,-0.7154878685723034,
deffuant,full_method,macro_outcome_d_macro_0,d_micro_assimilation,d_micro_assimilation,d_meso_0,d_micro_assimilation,d_meso_0,confidence_bound,plus,micro,True,True,True,True,supported,supported,direct_root,0,0,1,1.0,1,0.5479527525768131,0.0,True,True,0.6414189382753075,0.6414189382753075,0.5894890890492422,
deffuant,full_method,macro_outcome_d_macro_1,,d_meso_0,d_macro_1,d_meso_0,d_macro_1,,,none,False,False,False,False,not_applicable,not_applicable,none,-1,-1,-1,,5,-0.052311220268797795,,,,,,,no_legal_upstream_micro_manipulation_root
deffuant,full_method,macro_outcome_d_macro_1,d_micro_shift,d_meso_1,d_macro_1,d_meso_1,d_macro_1,assimilation_strength,minus,micro,False,False,False,True,manipulation_failure,manipulation_failure,upstream_mediated,0,2,6,4.0,3,0.10220778405314133,1.0,True,True,-0.08623456846061121,-0.0240320091550645,-0.040212606061237284,
deffuant,full_method,macro_outcome_d_macro_1,d_micro_shift,d_meso_1,d_macro_1,d_meso_1,d_macro_1,assimilation_strength,plus,micro,True,False,False,True,no_stable_downstream_effect,no_stable_downstream_effect,upstream_mediated,0,2,7,5.0,3,0.10220778405314133,2.0,True,True,0.21271035514056394,0.04955711733649698,0.04692151546669036,
deffuant,full_method,macro_outcome_d_macro_1,d_micro_shift,d_micro_shift,d_meso_1,d_micro_shift,d_meso_1,assimilation_strength,minus,micro,False,False,False,True,manipulation_failure,manipulation_failure,direct_root,0,0,2,2.0,2,0.10168238148992689,0.0,True,True,-0.08623456846061121,-0.08623456846061121,-0.0240320091550645,
deffuant,full_method,macro_outcome_d_macro_1,d_micro_shift,d_micro_shift,d_meso_1,d_micro_shift,d_meso_1,assimilation_strength,plus,micro,True,True,False,True,no_stable_downstream_effect,no_stable_downstream_effect,direct_root,0,0,2,2.0,2,0.10168238148992689,0.0,True,True,0.21271035514056394,0.21271035514056394,0.04955711733649698,
deffuant,full_method,macro_outcome_d_macro_2,d_micro_repulsion,d_meso_2,d_macro_2,d_meso_2,d_macro_2,backfire_threshold,minus,micro,False,False,True,True,manipulation_failure,manipulation_failure,upstream_mediated,0,3,7,4.0,4,0.33037661487314285,0.0,True,True,0.084013836920408,0.09421754332112713,0.46091591535528426,
deffuant,full_method,macro_outcome_d_macro_2,d_micro_repulsion,d_meso_2,d_macro_2,d_meso_2,d_macro_2,backfire_threshold,plus,micro,True,True,True,True,supported,supported,upstream_mediated,0,3,7,4.0,4,0.33037661487314285,0.0,True,True,-0.48708574696528045,-0.4418177425784046,-1.598086352657563,
deffuant,full_method,macro_outcome_d_macro_2,d_micro_repulsion,d_micro_repulsion,d_meso_2,d_micro_repulsion,d_meso_2,backfire_threshold,minus,micro,False,False,False,True,manipulation_failure,manipulation_failure,direct_root,0,0,3,3.0,3,0.4722898526226291,0.0,True,True,0.084013836920408,0.084013836920408,0.09421754332112713,
deffuant,full_method,macro_outcome_d_macro_2,d_micro_repulsion,d_micro_repulsion,d_meso_2,d_micro_repulsion,d_meso_2,backfire_threshold,plus,micro,True,True,True,True,supported,supported,direct_root,0,0,3,3.0,3,0.4722898526226291,0.0,True,True,-0.48708574696528045,-0.48708574696528045,-0.4418177425784046,
deffuant,full_method,macro_outcome_d_macro_2,d_micro_shift,d_micro_shift,d_meso_2,d_micro_shift,d_meso_2,assimilation_strength,minus,micro,False,False,False,False,manipulation_failure,manipulation_failure,direct_root,0,0,-1,,5,0.05887179845811759,,False,,-0.08623456846061121,-0.08623456846061121,0.011640455995777059,
deffuant,full_method,macro_outcome_d_macro_2,d_micro_shift,d_micro_shift,d_meso_2,d_micro_shift,d_meso_2,assimilation_strength,plus,micro,True,True,False,False,no_stable_downstream_effect,no_stable_downstream_effect,direct_root,0,0,-1,,5,0.05887179845811759,,False,,0.21271035514056394,0.21271035514056394,-0.006803611391688834,
deffuant,full_method,macro_outcome_d_macro_3,,d_meso_3,d_macro_3,d_meso_3,d_macro_3,,,none,False,False,False,False,not_applicable,not_applicable,none,-1,-1,-1,,5,0.24580405089196222,,,,,,,no_legal_upstream_micro_manipulation_root
deffuant,full_method,macro_outcome_d_macro_3,,d_micro_rewiring,d_meso_3,d_micro_rewiring,d_meso_3,,,none,False,False,False,False,not_applicable,not_applicable,none,-1,-1,-1,,5,0.2988648888877176,,,,,,,no_legal_upstream_micro_manipulation_root
schelling,unrestricted_temporal_search,unrestricted,,s_macro_0,s_meso_2,s_macro_0,s_meso_2,,,none,False,False,False,False,not_applicable,not_applicable,none,-1,-1,-1,,1,0.018923517708124095,,,,,,,no_legal_upstream_micro_manipulation_root
schelling,unrestricted_temporal_search,unrestricted,,s_macro_1,s_meso_2,s_macro_1,s_meso_2,,,none,False,False,False,False,not_applicable,not_applicable,none,-1,-1,-1,,2,-0.03788532118426057,,,,,,,no_legal_upstream_micro_manipulation_root
schelling,unrestricted_temporal_search,unrestricted,,s_macro_1,s_micro_satisfaction,s_macro_1,s_micro_satisfaction,,,none,False,False,False,False,not_applicable,not_applicable,none,-1,-1,-1,,5,-0.007930518652390035,,,,,,,no_legal_upstream_micro_manipulation_root
schelling,unrestricted_temporal_search,unrestricted,,s_macro_2,s_micro_boundary,s_macro_2,s_micro_boundary,,,none,False,False,False,False,not_applicable,not_applicable,none,-1,-1,-1,,2,-0.013582705030353168,,,,,,,no_legal_upstream_micro_manipulation_root
schelling,unrestricted_temporal_search,unrestricted,,s_macro_2,s_micro_satisfaction,s_macro_2,s_micro_satisfaction,,,none,False,False,False,False,not_applicable,not_applicable,none,-1,-1,-1,,5,0.012588760178662377,,,,,,,no_legal_upstream_micro_manipulation_root
schelling,unrestricted_temporal_search,unrestricted,,s_macro_3,s_macro_2,s_macro_3,s_macro_2,,,none,False,False,False,False,not_applicable,not_applicable,none,-1,-1,-1,,5,0.0050969412179508455,,,,,,,no_legal_upstream_micro_manipulation_root
schelling,unrestricted_temporal_search,unrestricted,,s_macro_3,s_meso_1,s_macro_3,s_meso_1,,,none,False,False,False,False,not_applicable,not_applicable,none,-1,-1,-1,,4,-0.08621276284330659,,,,,,,no_legal_upstream_micro_manipulation_root
schelling,unrestricted_temporal_search,unrestricted,s_micro_satisfaction,s_meso_0,s_macro_0,s_meso_0,s_macro_0,tolerance,minus,micro,True,True,True,True,supported,supported,upstream_mediated,0,1,2,1.0,2,0.4022214008711579,-1.0,True,True,-0.23785181381504725,-0.17556272684785434,-2.322718872317118,
schelling,unrestricted_temporal_search,unrestricted,s_micro_satisfaction,s_meso_0,s_macro_0,s_meso_0,s_macro_0,tolerance,plus,micro,True,True,True,True,supported,supported,upstream_mediated,0,1,3,2.0,2,0.4022214008711579,0.0,True,True,0.6810788178937784,0.49635395854959813,1.539334109892951,
schelling,unrestricted_temporal_search,unrestricted,,s_meso_0,s_macro_2,s_meso_0,s_macro_2,,,none,False,False,False,False,not_applicable,not_applicable,none,-1,-1,-1,,2,0.022292392707742886,,,,,,,no_legal_upstream_micro_manipulation_root
schelling,unrestricted_temporal_search,unrestricted,,s_meso_1,s_macro_0,s_meso_1,s_macro_0,,,none,False,False,False,False,not_applicable,not_applicable,none,-1,-1,-1,,2,0.02235243652921452,,,,,,,no_legal_upstream_micro_manipulation_root
schelling,unrestricted_temporal_search,unrestricted,s_micro_relocation,s_meso_1,s_macro_1,s_meso_1,s_macro_1,move_probability,minus,micro,True,False,False,False,no_stable_downstream_effect,no_stable_downstream_effect,upstream_mediated,0,2,1,-1.0,3,0.1229181318891948,-4.0,True,False,0.30842417212350776,0.03269972733151367,0.03753944123722066,
schelling,unrestricted_temporal_search,unrestricted,s_micro_relocation,s_meso_1,s_macro_1,s_meso_1,s_macro_1,move_probability,plus,micro,True,False,False,False,no_stable_downstream_effect,no_stable_downstream_effect,upstream_mediated,0,2,1,-1.0,3,0.1229181318891948,-4.0,True,False,-0.2787196878892839,-0.03310194530203008,-0.04388920453880582,
schelling,unrestricted_temporal_search,unrestricted,,s_meso_1,s_micro_boundary,s_meso_1,s_micro_boundary,,,none,False,False,False,False,not_applicable,not_applicable,none,-1,-1,-1,,5,0.0034054902839673255,,,,,,,no_legal_upstream_micro_manipulation_root
schelling,unrestricted_temporal_search,unrestricted,,s_meso_1,s_micro_relocation,s_meso_1,s_micro_relocation,,,none,False,False,False,False,not_applicable,not_applicable,none,-1,-1,-1,,5,0.030588761178657997,,,,,,,no_legal_upstream_micro_manipulation_root
schelling,unrestricted_temporal_search,unrestricted,,s_meso_2,s_macro_2,s_meso_2,s_macro_2,,,none,False,False,False,False,not_applicable,not_applicable,none,-1,-1,-1,,4,0.2188058798143347,,,,,,,no_legal_upstream_micro_manipulation_root
schelling,unrestricted_temporal_search,unrestricted,,s_meso_2,s_micro_satisfaction,s_meso_2,s_micro_satisfaction,,,none,False,False,False,False,not_applicable,not_applicable,none,-1,-1,-1,,4,0.018739515364788753,,,,,,,no_legal_upstream_micro_manipulation_root
schelling,unrestricted_temporal_search,unrestricted,s_micro_destination_similarity,s_meso_3,s_macro_3,s_meso_3,s_macro_3,destination_preference,minus,micro,True,False,False,False,no_stable_downstream_effect,no_stable_downstream_effect,upstream_mediated,0,-1,-1,,5,0.34008207610486424,,True,,0.4035414664473853,-0.03562188742963241,-0.005068375546329996,
schelling,unrestricted_temporal_search,unrestricted,s_micro_destination_similarity,s_meso_3,s_macro_3,s_meso_3,s_macro_3,destination_preference,plus,micro,False,False,False,False,manipulation_failure,manipulation_failure,upstream_mediated,-1,-1,-1,,5,0.34008207610486424,,True,,-0.07766990309485712,0.0075500827090713325,0.0016713193863848435,
schelling,unrestricted_temporal_search,unrestricted,,s_meso_3,s_micro_destination_similarity,s_meso_3,s_micro_destination_similarity,,,none,False,False,False,False,not_applicable,not_applicable,none,-1,-1,-1,,4,0.03147602389349952,,,,,,,no_legal_upstream_micro_manipulation_root
schelling,unrestricted_temporal_search,unrestricted,,s_meso_3,s_micro_satisfaction,s_meso_3,s_micro_satisfaction,,,none,False,False,False,False,not_applicable,not_applicable,none,-1,-1,-1,,5,-0.004514552891159534,,,,,,,no_legal_upstream_micro_manipulation_root
schelling,unrestricted_temporal_search,unrestricted,,s_micro_boundary,s_macro_0,s_micro_boundary,s_macro_0,,,none,False,False,False,False,not_applicable,not_applicable,none,-1,-1,-1,,1,-0.6468189895382188,,,,,,,no_legal_upstream_micro_manipulation_root
schelling,unrestricted_temporal_search,unrestricted,,s_micro_boundary,s_macro_2,s_micro_boundary,s_macro_2,,,none,False,False,False,False,not_applicable,not_applicable,none,-1,-1,-1,,5,0.07694181705910445,,,,,,,no_legal_upstream_micro_manipulation_root
schelling,unrestricted_temporal_search,unrestricted,,s_micro_boundary,s_meso_2,s_micro_boundary,s_meso_2,,,none,False,False,False,False,not_applicable,not_applicable,none,-1,-1,-1,,3,0.46123275866315927,,,,,,,no_legal_upstream_micro_manipulation_root
schelling,unrestricted_temporal_search,unrestricted,,s_micro_boundary,s_micro_relocation,s_micro_boundary,s_micro_relocation,,,none,False,False,False,False,not_applicable,not_applicable,none,-1,-1,-1,,1,0.6653713890212973,,,,,,,no_legal_upstream_micro_manipulation_root
schelling,unrestricted_temporal_search,unrestricted,,s_micro_destination_similarity,s_micro_boundary,s_micro_destination_similarity,s_micro_boundary,,,none,False,False,False,False,not_applicable,not_applicable,none,-1,-1,-1,,1,-0.14037542764344008,,,,,,,no_legal_upstream_micro_manipulation_root
schelling,unrestricted_temporal_search,unrestricted,,s_micro_destination_similarity,s_micro_relocation,s_micro_destination_similarity,s_micro_relocation,,,none,False,False,False,False,not_applicable,not_applicable,none,-1,-1,-1,,1,-0.31647711328935085,,,,,,,no_legal_upstream_micro_manipulation_root
schelling,unrestricted_temporal_search,unrestricted,,s_micro_destination_similarity,s_micro_satisfaction,s_micro_destination_similarity,s_micro_satisfaction,,,none,False,False,False,False,not_applicable,not_applicable,none,-1,-1,-1,,1,-0.12572619644952124,,,,,,,no_legal_upstream_micro_manipulation_root
schelling,unrestricted_temporal_search,unrestricted,s_micro_relocation,s_micro_relocation,s_meso_1,s_micro_relocation,s_meso_1,move_probability,minus,micro,True,True,False,True,no_stable_downstream_effect,no_stable_downstream_effect,direct_root,0,0,2,2.0,2,0.12062519283572971,0.0,True,True,0.30842417212350776,0.30842417212350776,0.03269972733151367,
schelling,unrestricted_temporal_search,unrestricted,s_micro_relocation,s_micro_relocation,s_meso_1,s_micro_relocation,s_meso_1,move_probability,plus,micro,True,True,False,True,no_stable_downstream_effect,no_stable_downstream_effect,direct_root,0,0,2,2.0,2,0.12062519283572971,0.0,True,True,-0.2787196878892839,-0.2787196878892839,-0.03310194530203008,
schelling,unrestricted_temporal_search,unrestricted,,s_micro_relocation,s_micro_boundary,s_micro_relocation,s_micro_boundary,,,none,False,False,False,False,not_applicable,not_applicable,none,-1,-1,-1,,1,0.07394893568082872,,,,,,,no_legal_upstream_micro_manipulation_root
schelling,unrestricted_temporal_search,unrestricted,,s_micro_relocation,s_micro_destination_similarity,s_micro_relocation,s_micro_destination_similarity,,,none,False,False,False,False,not_applicable,not_applicable,none,-1,-1,-1,,1,0.3160960276779049,,,,,,,no_legal_upstream_micro_manipulation_root
schelling,unrestricted_temporal_search,unrestricted,,s_micro_relocation,s_micro_satisfaction,s_micro_relocation,s_micro_satisfaction,,,none,False,False,False,False,not_applicable,not_applicable,none,-1,-1,-1,,2,-0.03480828321567806,,,,,,,no_legal_upstream_micro_manipulation_root
schelling,unrestricted_temporal_search,unrestricted,,s_micro_satisfaction,s_macro_0,s_micro_satisfaction,s_macro_0,,,none,False,False,False,False,not_applicable,not_applicable,none,-1,-1,-1,,4,-0.12862834412891888,,,,,,,no_legal_upstream_micro_manipulation_root
schelling,unrestricted_temporal_search,unrestricted,,s_micro_satisfaction,s_micro_boundary,s_micro_satisfaction,s_micro_boundary,,,none,False,False,False,False,not_applicable,not_applicable,none,-1,-1,-1,,5,0.05374298334141331,,,,,,,no_legal_upstream_micro_manipulation_root
schelling,unrestricted_temporal_search,unrestricted,,s_micro_satisfaction,s_micro_destination_similarity,s_micro_satisfaction,s_micro_destination_similarity,,,none,False,False,False,False,not_applicable,not_applicable,none,-1,-1,-1,,1,1.377127567860239,,,,,,,no_legal_upstream_micro_manipulation_root
schelling,unrestricted_temporal_search,unrestricted,,s_micro_satisfaction,s_micro_relocation,s_micro_satisfaction,s_micro_relocation,,,none,False,False,False,False,not_applicable,not_applicable,none,-1,-1,-1,,1,1.3538776404149648,,,,,,,no_legal_upstream_micro_manipulation_root
schelling,single_trajectory,macro_outcome_s_macro_0,s_micro_satisfaction,s_meso_0,s_macro_0,s_meso_0,s_macro_0,tolerance,minus,micro,True,True,True,True,supported,supported,upstream_mediated,0,1,2,1.0,2,0.21068946634567326,-1.0,True,True,-0.23785181381504725,-0.17556272684785434,-2.322718872317118,
schelling,single_trajectory,macro_outcome_s_macro_0,s_micro_satisfaction,s_meso_0,s_macro_0,s_meso_0,s_macro_0,tolerance,plus,micro,True,True,True,True,supported,supported,upstream_mediated,0,1,3,2.0,2,0.21068946634567326,0.0,True,True,0.6810788178937784,0.49635395854959813,1.539334109892951,
schelling,single_trajectory,macro_outcome_s_macro_1,s_micro_relocation,s_meso_1,s_macro_1,s_meso_1,s_macro_1,move_probability,minus,micro,True,False,False,False,no_stable_downstream_effect,no_stable_downstream_effect,upstream_mediated,0,2,1,-1.0,3,0.16478369087657396,-4.0,True,False,0.30842417212350776,0.03269972733151367,0.03753944123722066,
schelling,single_trajectory,macro_outcome_s_macro_1,s_micro_relocation,s_meso_1,s_macro_1,s_meso_1,s_macro_1,move_probability,plus,micro,True,False,False,False,no_stable_downstream_effect,no_stable_downstream_effect,upstream_mediated,0,2,1,-1.0,3,0.16478369087657396,-4.0,True,False,-0.2787196878892839,-0.03310194530203008,-0.04388920453880582,
schelling,single_trajectory,macro_outcome_s_macro_1,s_micro_relocation,s_micro_relocation,s_meso_1,s_micro_relocation,s_meso_1,move_probability,minus,micro,True,True,False,True,no_stable_downstream_effect,no_stable_downstream_effect,direct_root,0,0,2,2.0,2,0.9700637020327278,0.0,True,True,0.30842417212350776,0.30842417212350776,0.03269972733151367,
schelling,single_trajectory,macro_outcome_s_macro_1,s_micro_relocation,s_micro_relocation,s_meso_1,s_micro_relocation,s_meso_1,move_probability,plus,micro,True,True,False,True,no_stable_downstream_effect,no_stable_downstream_effect,direct_root,0,0,2,2.0,2,0.9700637020327278,0.0,True,True,-0.2787196878892839,-0.2787196878892839,-0.03310194530203008,
schelling,single_trajectory,macro_outcome_s_macro_1,s_micro_satisfaction,s_micro_satisfaction,s_meso_1,s_micro_satisfaction,s_meso_1,tolerance,minus,micro,True,True,False,True,no_stable_downstream_effect,no_stable_downstream_effect,direct_root,0,0,2,2.0,1,7.915977115099761,1.0,True,True,-0.23785181381504725,-0.23785181381504725,-0.02758552363153613,
schelling,single_trajectory,macro_outcome_s_macro_1,s_micro_satisfaction,s_micro_satisfaction,s_meso_1,s_micro_satisfaction,s_meso_1,tolerance,plus,micro,True,True,False,True,no_stable_downstream_effect,no_stable_downstream_effect,direct_root,0,0,2,2.0,1,7.915977115099761,1.0,True,True,0.6810788178937784,0.6810788178937784,0.07556814090370838,
schelling,single_trajectory,macro_outcome_s_macro_2,,s_meso_1,s_macro_2,s_meso_1,s_macro_2,,,none,False,False,False,False,not_applicable,not_applicable,none,-1,-1,-1,,5,0.039556774260018156,,,,,,,no_legal_upstream_micro_manipulation_root
schelling,single_trajectory,macro_outcome_s_macro_2,,s_meso_2,s_macro_2,s_meso_2,s_macro_2,,,none,False,False,False,False,not_applicable,not_applicable,none,-1,-1,-1,,4,0.32915909872094923,,,,,,,no_legal_upstream_micro_manipulation_root
schelling,single_trajectory,macro_outcome_s_macro_2,,s_micro_boundary,s_meso_2,s_micro_boundary,s_meso_2,,,none,False,False,False,False,not_applicable,not_applicable,none,-1,-1,-1,,3,0.6209591812485287,,,,,,,no_legal_upstream_micro_manipulation_root
schelling,single_trajectory,macro_outcome_s_macro_3,s_micro_destination_similarity,s_meso_3,s_macro_3,s_meso_3,s_macro_3,destination_preference,minus,micro,True,False,False,False,no_stable_downstream_effect,no_stable_downstream_effect,upstream_mediated,0,-1,-1,,5,0.38650189174529914,,True,,0.4035414664473853,-0.03562188742963241,-0.005068375546329996,
schelling,single_trajectory,macro_outcome_s_macro_3,s_micro_destination_similarity,s_meso_3,s_macro_3,s_meso_3,s_macro_3,destination_preference,plus,micro,False,False,False,False,manipulation_failure,manipulation_failure,upstream_mediated,-1,-1,-1,,5,0.38650189174529914,,True,,-0.07766990309485712,0.0075500827090713325,0.0016713193863848435,
schelling,single_trajectory,macro_outcome_s_macro_3,s_micro_destination_similarity,s_micro_destination_similarity,s_meso_3,s_micro_destination_similarity,s_meso_3,destination_preference,minus,micro,True,True,False,False,no_stable_downstream_effect,no_stable_downstream_effect,direct_root,0,0,-1,,5,-0.3561069808672283,,True,,0.4035414664473853,0.4035414664473853,-0.03562188742963241,
schelling,single_trajectory,macro_outcome_s_macro_3,s_micro_destination_similarity,s_micro_destination_similarity,s_meso_3,s_micro_destination_similarity,s_meso_3,destination_preference,plus,micro,False,False,False,False,manipulation_failure,manipulation_failure,direct_root,-1,-1,-1,,5,-0.3561069808672283,,True,,-0.07766990309485712,-0.07766990309485712,0.0075500827090713325,
schelling,trajectory_vote,macro_outcome_s_macro_0,s_micro_satisfaction,s_meso_0,s_macro_0,s_meso_0,s_macro_0,tolerance,minus,micro,True,True,True,True,supported,supported,upstream_mediated,0,1,2,1.0,2,0.357626719126478,-1.0,True,True,-0.23785181381504725,-0.17556272684785434,-2.322718872317118,
schelling,trajectory_vote,macro_outcome_s_macro_0,s_micro_satisfaction,s_meso_0,s_macro_0,s_meso_0,s_macro_0,tolerance,plus,micro,True,True,True,True,supported,supported,upstream_mediated,0,1,3,2.0,2,0.357626719126478,0.0,True,True,0.6810788178937784,0.49635395854959813,1.539334109892951,
schelling,trajectory_vote,macro_outcome_s_macro_1,s_micro_relocation,s_meso_1,s_macro_1,s_meso_1,s_macro_1,move_probability,minus,micro,True,False,False,False,no_stable_downstream_effect,no_stable_downstream_effect,upstream_mediated,0,2,1,-1.0,3,0.13993123623007891,-4.0,True,False,0.30842417212350776,0.03269972733151367,0.03753944123722066,
schelling,trajectory_vote,macro_outcome_s_macro_1,s_micro_relocation,s_meso_1,s_macro_1,s_meso_1,s_macro_1,move_probability,plus,micro,True,False,False,False,no_stable_downstream_effect,no_stable_downstream_effect,upstream_mediated,0,2,1,-1.0,3,0.13993123623007891,-4.0,True,False,-0.2787196878892839,-0.03310194530203008,-0.04388920453880582,
schelling,trajectory_vote,macro_outcome_s_macro_2,,s_meso_2,s_macro_2,s_meso_2,s_macro_2,,,none,False,False,False,False,not_applicable,not_applicable,none,-1,-1,-1,,4,0.22517413311338133,,,,,,,no_legal_upstream_micro_manipulation_root
schelling,trajectory_vote,macro_outcome_s_macro_3,s_micro_destination_similarity,s_meso_3,s_macro_3,s_meso_3,s_macro_3,destination_preference,minus,micro,True,False,False,False,no_stable_downstream_effect,no_stable_downstream_effect,upstream_mediated,0,-1,-1,,5,0.35299984079258695,,True,,0.4035414664473853,-0.03562188742963241,-0.005068375546329996,
schelling,trajectory_vote,macro_outcome_s_macro_3,s_micro_destination_similarity,s_meso_3,s_macro_3,s_meso_3,s_macro_3,destination_preference,plus,micro,False,False,False,False,manipulation_failure,manipulation_failure,upstream_mediated,-1,-1,-1,,5,0.35299984079258695,,True,,-0.07766990309485712,0.0075500827090713325,0.0016713193863848435,
schelling,full_method,macro_outcome_s_macro_0,s_micro_satisfaction,s_meso_0,s_macro_0,s_meso_0,s_macro_0,tolerance,minus,micro,True,True,True,True,supported,supported,upstream_mediated,0,1,2,1.0,2,0.3830186840960377,-1.0,True,True,-0.23785181381504725,-0.17556272684785434,-2.322718872317118,
schelling,full_method,macro_outcome_s_macro_0,s_micro_satisfaction,s_meso_0,s_macro_0,s_meso_0,s_macro_0,tolerance,plus,micro,True,True,True,True,supported,supported,upstream_mediated,0,1,3,2.0,2,0.3830186840960377,0.0,True,True,0.6810788178937784,0.49635395854959813,1.539334109892951,
schelling,full_method,macro_outcome_s_macro_0,s_micro_satisfaction,s_micro_satisfaction,s_meso_0,s_micro_satisfaction,s_meso_0,tolerance,minus,micro,True,True,True,True,supported,supported,direct_root,0,0,1,1.0,1,0.4380698336908587,0.0,True,True,-0.23785181381504725,-0.23785181381504725,-0.17556272684785434,
schelling,full_method,macro_outcome_s_macro_0,s_micro_satisfaction,s_micro_satisfaction,s_meso_0,s_micro_satisfaction,s_meso_0,tolerance,plus,micro,True,True,True,True,supported,supported,direct_root,0,0,1,1.0,1,0.4380698336908587,0.0,True,True,0.6810788178937784,0.6810788178937784,0.49635395854959813,
schelling,full_method,macro_outcome_s_macro_1,s_micro_relocation,s_meso_1,s_macro_1,s_meso_1,s_macro_1,move_probability,minus,micro,True,False,False,False,no_stable_downstream_effect,no_stable_downstream_effect,upstream_mediated,0,2,1,-1.0,3,0.1292314951704127,-4.0,True,False,0.30842417212350776,0.03269972733151367,0.03753944123722066,
schelling,full_method,macro_outcome_s_macro_1,s_micro_relocation,s_meso_1,s_macro_1,s_meso_1,s_macro_1,move_probability,plus,micro,True,False,False,False,no_stable_downstream_effect,no_stable_downstream_effect,upstream_mediated,0,2,1,-1.0,3,0.1292314951704127,-4.0,True,False,-0.2787196878892839,-0.03310194530203008,-0.04388920453880582,
schelling,full_method,macro_outcome_s_macro_1,s_micro_relocation,s_micro_relocation,s_meso_1,s_micro_relocation,s_meso_1,move_probability,minus,micro,True,True,False,True,no_stable_downstream_effect,no_stable_downstream_effect,direct_root,0,0,2,2.0,2,0.10227248736236007,0.0,True,True,0.30842417212350776,0.30842417212350776,0.03269972733151367,
schelling,full_method,macro_outcome_s_macro_1,s_micro_relocation,s_micro_relocation,s_meso_1,s_micro_relocation,s_meso_1,move_probability,plus,micro,True,True,False,True,no_stable_downstream_effect,no_stable_downstream_effect,direct_root,0,0,2,2.0,2,0.10227248736236007,0.0,True,True,-0.2787196878892839,-0.2787196878892839,-0.03310194530203008,
schelling,full_method,macro_outcome_s_macro_2,,s_meso_1,s_macro_2,s_meso_1,s_macro_2,,,none,False,False,False,False,not_applicable,not_applicable,none,-1,-1,-1,,5,0.021480587789903853,,,,,,,no_legal_upstream_micro_manipulation_root
schelling,full_method,macro_outcome_s_macro_2,,s_meso_2,s_macro_2,s_meso_2,s_macro_2,,,none,False,False,False,False,not_applicable,not_applicable,none,-1,-1,-1,,4,0.2215214934225315,,,,,,,no_legal_upstream_micro_manipulation_root
schelling,full_method,macro_outcome_s_macro_2,,s_micro_boundary,s_meso_2,s_micro_boundary,s_meso_2,,,none,False,False,False,False,not_applicable,not_applicable,none,-1,-1,-1,,3,0.40651891117133815,,,,,,,no_legal_upstream_micro_manipulation_root
schelling,full_method,macro_outcome_s_macro_3,s_micro_destination_similarity,s_meso_3,s_macro_3,s_meso_3,s_macro_3,destination_preference,minus,micro,True,False,False,False,no_stable_downstream_effect,no_stable_downstream_effect,upstream_mediated,0,-1,-1,,5,0.33971424575062276,,True,,0.4035414664473853,-0.03562188742963241,-0.005068375546329996,
schelling,full_method,macro_outcome_s_macro_3,s_micro_destination_similarity,s_meso_3,s_macro_3,s_meso_3,s_macro_3,destination_preference,plus,micro,False,False,False,False,manipulation_failure,manipulation_failure,upstream_mediated,-1,-1,-1,,5,0.33971424575062276,,True,,-0.07766990309485712,0.0075500827090713325,0.0016713193863848435,
schelling,full_method,macro_outcome_s_macro_3,s_micro_destination_similarity,s_micro_destination_similarity,s_meso_3,s_micro_destination_similarity,s_meso_3,destination_preference,minus,micro,True,True,False,False,no_stable_downstream_effect,no_stable_downstream_effect,direct_root,0,0,-1,,5,-0.09939429219069551,,True,,0.4035414664473853,0.4035414664473853,-0.03562188742963241,
schelling,full_method,macro_outcome_s_macro_3,s_micro_destination_similarity,s_micro_destination_similarity,s_meso_3,s_micro_destination_similarity,s_meso_3,destination_preference,plus,micro,False,False,False,False,manipulation_failure,manipulation_failure,direct_root,-1,-1,-1,,5,-0.09939429219069551,,True,,-0.07766990309485712,-0.07766990309485712,0.0075500827090713325,
