evaluation_track,scenario,path_id,parameter,direction,source,meso,macro,node_id,scale,onset_time,onset_ci_low,onset_ci_high,observational_lag,response_delay,lag_difference,cumulative_effect,cumulative_effect_raw,significant
primary_discovery,deffuant,cb_plus_accept_ostd_gvar,confidence_bound,plus,micro_accepted_fraction,meso_neighborhood_opinion_std,macro_opinion_global_variance,micro_accepted_fraction,micro,0,0.0,0.0,,,,0.6414189382753075,0.05743882275132276,True
primary_discovery,deffuant,cb_plus_accept_ostd_gvar,confidence_bound,plus,micro_accepted_fraction,meso_neighborhood_opinion_std,macro_opinion_global_variance,meso_neighborhood_opinion_std,meso,2,2.0,2.0,4.0,2.0,-2.0,-0.7477673879659644,-0.08087635231271731,True
primary_discovery,deffuant,cb_plus_accept_ostd_gvar,confidence_bound,plus,micro_accepted_fraction,meso_neighborhood_opinion_std,macro_opinion_global_variance,macro_opinion_global_variance,macro,2,2.0,2.0,1.0,0.0,-1.0,-3.882337048841469,-0.22771607372384994,True
primary_discovery,deffuant,cb_minus_accept_ovar_gvar,confidence_bound,minus,micro_accepted_fraction,meso_neighborhood_opinion_variance,macro_opinion_global_variance,micro_accepted_fraction,micro,0,0.0,0.0,,,,-0.8313759904925954,-0.07444940476190477,True
primary_discovery,deffuant,cb_minus_accept_ovar_gvar,confidence_bound,minus,micro_accepted_fraction,meso_neighborhood_opinion_variance,macro_opinion_global_variance,meso_neighborhood_opinion_variance,meso,4,3.0,4.0,4.0,4.0,0.0,0.5407655409175115,0.025218808343400418,True
primary_discovery,deffuant,cb_minus_accept_ovar_gvar,confidence_bound,minus,micro_accepted_fraction,meso_neighborhood_opinion_variance,macro_opinion_global_variance,macro_opinion_global_variance,macro,4,3.0,4.0,1.0,0.0,-1.0,0.585817966945072,0.034360789821024924,True
primary_discovery,deffuant,cb_minus_accept_absovar_assort,confidence_bound,minus,micro_accepted_fraction,meso_neighborhood_abs_opinion_variance,macro_network_assortativity,micro_accepted_fraction,micro,0,0.0,0.0,,,,-0.8313759904925954,-0.07444940476190477,True
primary_discovery,deffuant,cb_minus_accept_absovar_assort,confidence_bound,minus,micro_accepted_fraction,meso_neighborhood_abs_opinion_variance,macro_network_assortativity,meso_neighborhood_abs_opinion_variance,meso,1,1.0,1.0,1.0,1.0,0.0,1.7788837381893383,0.008717550103265546,True
primary_discovery,deffuant,cb_minus_accept_absovar_assort,confidence_bound,minus,micro_accepted_fraction,meso_neighborhood_abs_opinion_variance,macro_network_assortativity,macro_network_assortativity,macro,16,9.0,16.0,3.0,15.0,12.0,-0.22404286315345368,-0.04093449124013273,True
primary_discovery,deffuant,as_plus_shift_ostd_gvar,assimilation_strength,plus,micro_mean_abs_agent_shift,meso_neighborhood_opinion_std,macro_opinion_global_variance,micro_mean_abs_agent_shift,micro,0,0.0,0.0,,,,0.21271035514056394,0.0011016551328328632,True
primary_discovery,deffuant,as_plus_shift_ostd_gvar,assimilation_strength,plus,micro_mean_abs_agent_shift,meso_neighborhood_opinion_std,macro_opinion_global_variance,meso_neighborhood_opinion_std,meso,-1,19.000000000000007,52.0,1.0,,,-0.05924856190124567,-0.006408152646749404,False
primary_discovery,deffuant,as_plus_shift_ostd_gvar,assimilation_strength,plus,micro_mean_abs_agent_shift,meso_neighborhood_opinion_std,macro_opinion_global_variance,macro_opinion_global_variance,macro,-1,9.0,89.0,1.0,,,-0.021521092317322462,-0.001262306333297775,False
primary_discovery,deffuant,as_minus_shift_ovar_gvar,assimilation_strength,minus,micro_mean_abs_agent_shift,meso_neighborhood_opinion_variance,macro_opinion_global_variance,micro_mean_abs_agent_shift,micro,0,0.0,0.0,,,,-0.08623456846061121,-0.0004466202640180849,False
primary_discovery,deffuant,as_minus_shift_ovar_gvar,assimilation_strength,minus,micro_mean_abs_agent_shift,meso_neighborhood_opinion_variance,macro_opinion_global_variance,meso_neighborhood_opinion_variance,meso,7,5.0,7.0,1.0,7.0,6.0,0.1491503226741312,0.006955682485783629,True
primary_discovery,deffuant,as_minus_shift_ovar_gvar,assimilation_strength,minus,micro_mean_abs_agent_shift,meso_neighborhood_opinion_variance,macro_opinion_global_variance,macro_opinion_global_variance,macro,9,5.47500000000001,9.0,1.0,2.0,1.0,0.015629542639738377,0.0009167411379397862,False
primary_discovery,deffuant,as_plus_shift_diststd_assort,assimilation_strength,plus,micro_mean_abs_agent_shift,meso_neighborhood_interaction_distance_std,macro_network_assortativity,micro_mean_abs_agent_shift,micro,0,0.0,0.0,,,,0.21271035514056394,0.0011016551328328632,True
primary_discovery,deffuant,as_plus_shift_diststd_assort,assimilation_strength,plus,micro_mean_abs_agent_shift,meso_neighborhood_interaction_distance_std,macro_network_assortativity,meso_neighborhood_interaction_distance_std,meso,-1,36.0,114.0,5.0,,,-0.04777153228823957,-0.004944373149100018,False
primary_discovery,deffuant,as_plus_shift_diststd_assort,assimilation_strength,plus,micro_mean_abs_agent_shift,meso_neighborhood_interaction_distance_std,macro_network_assortativity,macro_network_assortativity,macro,-1,28.0,52.25,1.0,,,0.03248738843093376,0.0059357155966623665,False
primary_discovery,deffuant,bt_plus_backfire_shiftstd_gmean,backfire_threshold,plus,micro_backfire_fraction,meso_neighborhood_agent_shift_std,macro_opinion_global_mean,micro_backfire_fraction,micro,0,0.0,0.0,,,,-0.48708574696528045,-0.03643683862433863,True
primary_discovery,deffuant,bt_plus_backfire_shiftstd_gmean,backfire_threshold,plus,micro_backfire_fraction,meso_neighborhood_agent_shift_std,macro_opinion_global_mean,meso_neighborhood_agent_shift_std,meso,-1,2.0,75.47499999999997,1.0,,,-0.06406406451114148,-0.0003683267162882353,False
primary_discovery,deffuant,bt_plus_backfire_shiftstd_gmean,backfire_threshold,plus,micro_backfire_fraction,meso_neighborhood_agent_shift_std,macro_opinion_global_mean,macro_opinion_global_mean,macro,-1,22.0,61.0,1.0,,,-0.08090220145152664,-0.0024118094974777174,False
primary_discovery,schelling,tol_plus_unhappy_to_move_std_to_global_moved,tolerance,plus,unhappy_fraction,meso_district_move_fraction_std,macro_global_moved_fraction,unhappy_fraction,micro,0,0.0,0.0,,,,0.6810788178937784,0.01636294699872286,True
primary_discovery,schelling,tol_plus_unhappy_to_move_std_to_global_moved,tolerance,plus,unhappy_fraction,meso_district_move_fraction_std,macro_global_moved_fraction,meso_district_move_fraction_std,meso,0,0.0,0.0,5.0,0.0,-5.0,0.5241375378923637,0.0016722603601834602,True
primary_discovery,schelling,tol_plus_unhappy_to_move_std_to_global_moved,tolerance,plus,unhappy_fraction,meso_district_move_fraction_std,macro_global_moved_fraction,macro_global_moved_fraction,macro,0,0.0,0.0,4.0,0.0,-4.0,0.5992621073123257,0.001618374840357599,True
primary_discovery,schelling,tol_plus_unhappy_to_group_entropy_to_components,tolerance,plus,unhappy_fraction,meso_district_group_entropy_mean,macro_global_connected_components,unhappy_fraction,micro,0,0.0,0.0,,,,0.6810788178937784,0.01636294699872286,True
primary_discovery,schelling,tol_plus_unhappy_to_group_entropy_to_components,tolerance,plus,unhappy_fraction,meso_district_group_entropy_mean,macro_global_connected_components,meso_district_group_entropy_mean,meso,-1,7.0,83.0,1.0,,,-0.257047013783002,-0.01232912730389805,False
primary_discovery,schelling,tol_plus_unhappy_to_group_entropy_to_components,tolerance,plus,unhappy_fraction,meso_district_group_entropy_mean,macro_global_connected_components,macro_global_connected_components,macro,76,1.0,20.0,1.0,,,-0.14391455400425834,-1.1362068965517242,False
primary_discovery,schelling,tol_minus_unhappy_to_unhappy_std_to_components,tolerance,minus,unhappy_fraction,meso_district_unhappy_fraction_std,macro_global_connected_components,unhappy_fraction,micro,0,0.0,0.0,,,,-0.23785181381504725,-0.0057143997445721585,True
primary_discovery,schelling,tol_minus_unhappy_to_unhappy_std_to_components,tolerance,minus,unhappy_fraction,meso_district_unhappy_fraction_std,macro_global_connected_components,meso_district_unhappy_fraction_std,meso,0,0.0,0.0,1.0,0.0,-1.0,-0.27014684098114866,-0.002520030522304366,True
primary_discovery,schelling,tol_minus_unhappy_to_unhappy_std_to_components,tolerance,minus,unhappy_fraction,meso_district_unhappy_fraction_std,macro_global_connected_components,macro_global_connected_components,macro,2,1.0,2.0,1.0,2.0,1.0,1.7000771125404406,13.42212643678161,True
primary_discovery,schelling,tol_minus_unhappy_to_move_std_to_spatial_sim,tolerance,minus,unhappy_fraction,meso_district_move_fraction_std,macro_global_spatial_neighbor_similarity,unhappy_fraction,micro,0,0.0,0.0,,,,-0.23785181381504725,-0.0057143997445721585,True
primary_discovery,schelling,tol_minus_unhappy_to_move_std_to_spatial_sim,tolerance,minus,unhappy_fraction,meso_district_move_fraction_std,macro_global_spatial_neighbor_similarity,meso_district_move_fraction_std,meso,0,0.0,0.0,5.0,0.0,-5.0,-0.20940930647534917,-0.0006681202107377968,True
primary_discovery,schelling,tol_minus_unhappy_to_move_std_to_spatial_sim,tolerance,minus,unhappy_fraction,meso_district_move_fraction_std,macro_global_spatial_neighbor_similarity,macro_global_spatial_neighbor_similarity,macro,1,1.0,1.0,1.0,1.0,0.0,-3.340027328067182,-0.092582317409084,True
primary_discovery,schelling,tol_plus_unhappy_to_dest_std_to_components,tolerance,plus,unhappy_fraction,meso_district_destination_similarity_std,macro_global_connected_components,unhappy_fraction,micro,0,0.0,0.0,,,,0.6810788178937784,0.01636294699872286,True
primary_discovery,schelling,tol_plus_unhappy_to_dest_std_to_components,tolerance,plus,unhappy_fraction,meso_district_destination_similarity_std,macro_global_connected_components,meso_district_destination_similarity_std,meso,0,0.0,0.0,5.0,0.0,-5.0,0.46773650610488465,0.0011913635572829088,True
primary_discovery,schelling,tol_plus_unhappy_to_dest_std_to_components,tolerance,plus,unhappy_fraction,meso_district_destination_similarity_std,macro_global_connected_components,macro_global_connected_components,macro,76,1.0,20.0,1.0,76.0,75.0,-0.14391455400425834,-1.1362068965517242,False
primary_discovery,schelling,move_plus_response_to_move_std_to_global_moved,move_probability,plus,relocation_response_fraction,meso_district_move_fraction_std,macro_global_moved_fraction,relocation_response_fraction,micro,0,0.0,0.0,,,,-0.055605059281195156,-0.007682845370027415,False
primary_discovery,schelling,move_plus_response_to_move_std_to_global_moved,move_probability,plus,relocation_response_fraction,meso_district_move_fraction_std,macro_global_moved_fraction,meso_district_move_fraction_std,meso,0,0.0,0.0,2.0,0.0,-2.0,-0.3189939138418262,-0.0010177498055233944,True
primary_discovery,schelling,move_plus_response_to_move_std_to_global_moved,move_probability,plus,relocation_response_fraction,meso_district_move_fraction_std,macro_global_moved_fraction,macro_global_moved_fraction,macro,0,0.0,0.0,4.0,0.0,-4.0,-0.2787196878892839,-0.0007527139208173692,True
primary_discovery,schelling,move_plus_moved_to_dest_std_to_spatial_sim,move_probability,plus,moved_fraction,meso_district_destination_similarity_std,macro_global_spatial_neighbor_similarity,moved_fraction,micro,0,0.0,0.0,,,,-0.2787196878892839,-0.0007527139208173692,True
primary_discovery,schelling,move_plus_moved_to_dest_std_to_spatial_sim,move_probability,plus,moved_fraction,meso_district_destination_similarity_std,macro_global_spatial_neighbor_similarity,meso_district_destination_similarity_std,meso,0,0.0,0.0,1.0,0.0,-1.0,-0.31427913799125545,-0.0008004949516023208,True
primary_discovery,schelling,move_plus_moved_to_dest_std_to_spatial_sim,move_probability,plus,moved_fraction,meso_district_destination_similarity_std,macro_global_spatial_neighbor_similarity,macro_global_spatial_neighbor_similarity,macro,1,1.0,1.0,1.0,1.0,0.0,0.4482393507792006,0.01242475997137918,True
primary_discovery,schelling,move_minus_response_to_unhappy_std_to_global_unhappy,move_probability,minus,relocation_response_fraction,meso_district_unhappy_fraction_std,macro_global_unhappy_fraction,relocation_response_fraction,micro,0,0.0,0.0,,,,-0.05465641994604637,-0.0075517736758670476,False
primary_discovery,schelling,move_minus_response_to_unhappy_std_to_global_unhappy,move_probability,minus,relocation_response_fraction,meso_district_unhappy_fraction_std,macro_global_unhappy_fraction,meso_district_unhappy_fraction_std,meso,15,1.0,11.0,1.0,15.0,14.0,1.0294166904980138,0.009602782956124097,True
primary_discovery,schelling,move_minus_response_to_unhappy_std_to_global_unhappy,move_probability,minus,relocation_response_fraction,meso_district_unhappy_fraction_std,macro_global_unhappy_fraction,macro_global_unhappy_fraction,macro,1,1.0,1.0,5.0,-14.0,-19.0,1.1792087584621544,0.028330539591315457,True
primary_discovery,schelling,move_minus_moved_to_boundary_std_to_components,move_probability,minus,moved_fraction,meso_district_boundary_fraction_std,macro_global_connected_components,moved_fraction,micro,0,0.0,0.0,,,,0.30842417212350776,0.0008329342273307789,True
primary_discovery,schelling,move_minus_moved_to_boundary_std_to_components,move_probability,minus,moved_fraction,meso_district_boundary_fraction_std,macro_global_connected_components,meso_district_boundary_fraction_std,meso,1,1.0,1.0,5.0,1.0,-4.0,-0.044960343039515245,-0.0010121440680054634,False
primary_discovery,schelling,move_minus_moved_to_boundary_std_to_components,move_probability,minus,moved_fraction,meso_district_boundary_fraction_std,macro_global_connected_components,macro_global_connected_components,macro,1,1.0,1.0,2.0,0.0,-2.0,1.1998703053374757,9.472988505747127,True
primary_discovery,schelling,move_plus_moved_to_neighbour_std_to_global_unhappy,move_probability,plus,moved_fraction,meso_district_neighbour_count_std,macro_global_unhappy_fraction,moved_fraction,micro,0,0.0,0.0,,,,-0.2787196878892839,-0.0007527139208173692,True
primary_discovery,schelling,move_plus_moved_to_neighbour_std_to_global_unhappy,move_probability,plus,moved_fraction,meso_district_neighbour_count_std,macro_global_unhappy_fraction,meso_district_neighbour_count_std,meso,-1,1.0,7.0,2.0,,,0.016940554406914873,0.0011403980724966855,False
primary_discovery,schelling,move_plus_moved_to_neighbour_std_to_global_unhappy,move_probability,plus,moved_fraction,meso_district_neighbour_count_std,macro_global_unhappy_fraction,macro_global_unhappy_fraction,macro,1,1.0,1.0,2.0,,,-0.4198371902882867,-0.01008660600255428,True
primary_discovery,schelling,dest_plus_dest_sim_to_dest_std_to_spatial_sim,destination_preference,plus,mean_destination_similarity_movers,meso_district_destination_similarity_std,macro_global_spatial_neighbor_similarity,mean_destination_similarity_movers,micro,-1,0.0,19.0,,,,-0.03843998552837691,-0.014066232098682687,False
primary_discovery,schelling,dest_plus_dest_sim_to_dest_std_to_spatial_sim,destination_preference,plus,mean_destination_similarity_movers,meso_district_destination_similarity_std,macro_global_spatial_neighbor_similarity,meso_district_destination_similarity_std,meso,-1,0.0,54.0,4.0,,,-0.063951601480493,-0.00016289001700597308,False
primary_discovery,schelling,dest_plus_dest_sim_to_dest_std_to_spatial_sim,destination_preference,plus,mean_destination_similarity_movers,meso_district_destination_similarity_std,macro_global_spatial_neighbor_similarity,macro_global_spatial_neighbor_similarity,macro,1,1.0,1.0,1.0,,,0.11253615540440924,0.0031193930576844226,False
primary_discovery,schelling,dest_plus_dest_sim_to_boundary_std_to_global_unhappy,destination_preference,plus,mean_destination_similarity_movers,meso_district_boundary_fraction_std,macro_global_unhappy_fraction,mean_destination_similarity_movers,micro,-1,0.0,19.0,,,,-0.03843998552837691,-0.014066232098682687,False
primary_discovery,schelling,dest_plus_dest_sim_to_boundary_std_to_global_unhappy,destination_preference,plus,mean_destination_similarity_movers,meso_district_boundary_fraction_std,macro_global_unhappy_fraction,meso_district_boundary_fraction_std,meso,-1,1.0,24.0,1.0,,,-0.06888294387427304,-0.0015506879689023481,False
primary_discovery,schelling,dest_plus_dest_sim_to_boundary_std_to_global_unhappy,destination_preference,plus,mean_destination_similarity_movers,meso_district_boundary_fraction_std,macro_global_unhappy_fraction,macro_global_unhappy_fraction,macro,1,1.0,1.0,1.0,,,-0.1114504692614298,-0.0026776021711366533,False
primary_discovery,schelling,dest_plus_dest_sim_to_group_entropy_to_components,destination_preference,plus,mean_destination_similarity_movers,meso_district_group_entropy_mean,macro_global_connected_components,mean_destination_similarity_movers,micro,-1,0.0,19.0,,,,-0.03843998552837691,-0.014066232098682687,False
primary_discovery,schelling,dest_plus_dest_sim_to_group_entropy_to_components,destination_preference,plus,mean_destination_similarity_movers,meso_district_group_entropy_mean,macro_global_connected_components,meso_district_group_entropy_mean,meso,-1,9.0,76.17500000000001,1.0,,,0.08546036005427086,0.004099062047208054,False
primary_discovery,schelling,dest_plus_dest_sim_to_group_entropy_to_components,destination_preference,plus,mean_destination_similarity_movers,meso_district_group_entropy_mean,macro_global_connected_components,macro_global_connected_components,macro,4,1.0,4.0,1.0,,,-0.047935120795045076,-0.3784482758620689,False
primary_discovery,schelling,dest_minus_dest_sim_to_dest_std_to_global_unhappy,destination_preference,minus,mean_destination_similarity_movers,meso_district_destination_similarity_std,macro_global_unhappy_fraction,mean_destination_similarity_movers,micro,0,0.0,0.0,,,,0.2660373976867192,0.09735029114484033,True
primary_discovery,schelling,dest_minus_dest_sim_to_dest_std_to_global_unhappy,destination_preference,minus,mean_destination_similarity_movers,meso_district_destination_similarity_std,macro_global_unhappy_fraction,meso_district_destination_similarity_std,meso,37,0.0,21.0,4.0,37.0,33.0,0.3948835471921246,0.0010058010468607936,True
primary_discovery,schelling,dest_minus_dest_sim_to_dest_std_to_global_unhappy,destination_preference,minus,mean_destination_similarity_movers,meso_district_destination_similarity_std,macro_global_unhappy_fraction,macro_global_unhappy_fraction,macro,1,1.0,1.0,1.0,-36.0,-37.0,0.7223266216165585,0.017353927203065136,True
primary_discovery,schelling,dest_minus_dest_sim_to_move_std_to_components,destination_preference,minus,mean_destination_similarity_movers,meso_district_move_distance_std,macro_global_connected_components,mean_destination_similarity_movers,micro,0,0.0,0.0,,,,0.2660373976867192,0.09735029114484033,True
primary_discovery,schelling,dest_minus_dest_sim_to_move_std_to_components,destination_preference,minus,mean_destination_similarity_movers,meso_district_move_distance_std,macro_global_connected_components,meso_district_move_distance_std,meso,11,0.0,11.0,4.0,11.0,7.0,0.5645883599485648,0.0010063864601777015,True
primary_discovery,schelling,dest_minus_dest_sim_to_move_std_to_components,destination_preference,minus,mean_destination_similarity_movers,meso_district_move_distance_std,macro_global_connected_components,macro_global_connected_components,macro,1,1.0,1.0,1.0,-10.0,-11.0,0.684777040727394,5.4063218390804595,True
